abl,absolut,access,account,address,agre,allow,amount,arent,around,articl,ask,asset,bad,bank,base,basic,becom,believ,benefit,best,bitcoin,block,btc,build,busi,card,care,case,cash,central,chain,chang,check,claim,code,coin,commun,complet,comput,contract,control,cost,countri,creat,cryptocurr,currenc,current,data,databas,decentr,definit,develop,digit,distribut,dollar,done,edit,either,els,end,enough,entir,etc,eth,ethereum,ever,everyth,exactli,exampl,exchang,exist,fact,far,fee,feel,financi,find,free,futur,game,gener,govern,guess,hard,hash,hold,hope,id,idea,imagin,implement,inform,instead,interest,internet,invest,issu,item,key,kind,least,ledger,less,link,liter,live,love,major,may,million,mine,month,move,name,network,next,nft,node,number,open,ownership,parti,pay,person,place,platform,play,player,possibl,power,price,problem,process,product,profit,project,proof,provid,public,put,question,reason,record,reddit,remov,requir,scam,secur,sell,send,sens,server,servic,share,shit,show,singl,smart,solut,solv,sound,sourc,specif,state,steam,stock,stop,store,stuff,support,system,talk,tech,technolog,tell,theyr,thought,token,trade,transact,transfer,true,trust,two,user,valid,valu,verifi,video,vote,wallet,whole,wont,world,worth,wouldnt,wrong,ye,yet
11,12,5,29,5,26,14,17,7,24,26,3,9,19,60,14,11,18,10,9,7,35,11,3,5,15,13,5,52,16,61,35,13,9,28,8,9,4,9,8,52,14,10,20,17,57,44,14,31,28,25,6,18,22,18,11,19,3,16,9,9,25,20,21,3,19,6,19,13,28,17,23,20,16,7,9,25,16,8,12,24,16,49,1,9,16,9,4,10,16,8,11,11,16,17,13,7,23,40,13,15,17,31,15,19,15,5,5,27,10,8,11,3,2,13,21,7,75,6,13,3,47,54,29,15,17,6,2,1,13,26,18,100,14,27,8,16,25,13,6,18,6,19,13,16,8,17,12,22,22,14,12,11,19,9,17,11,16,34,44,45,7,9,11,8,1,1,8,15,22,6,64,11,35,31,13,23,7,26,18,92,17,5,91,12,16,10,34,27,7,2,14,14,11,49,12,6,7,16,11
8,8,12,19,2,14,12,8,13,8,11,14,8,23,37,5,10,10,3,5,13,38,19,4,24,15,4,7,39,8,38,32,16,6,16,16,3,7,14,15,19,10,19,1,19,33,27,14,39,45,25,15,11,8,34,0,19,10,16,16,16,17,10,21,4,12,9,20,12,17,12,24,14,21,8,8,2,15,8,5,7,32,14,4,11,16,6,3,13,31,12,31,16,19,25,10,11,13,1,8,10,15,31,14,7,12,8,4,6,8,6,8,1,5,2,19,4,8,10,13,7,0,24,25,13,8,6,3,1,12,11,5,98,25,11,6,9,16,13,13,8,16,26,8,1,9,16,17,18,9,19,18,20,9,3,14,4,8,13,58,46,14,6,16,8,0,5,5,11,7,6,74,25,15,34,10,16,7,2,2,81,10,6,47,24,10,15,18,15,2,22,16,13,13,22,7,13,11,21,11
5,3,10,11,9,11,14,2,6,11,1,4,21,3,36,5,7,5,4,3,2,9,9,1,9,13,3,7,34,5,17,23,17,2,5,5,2,4,13,2,26,8,10,15,20,5,18,11,47,32,30,4,8,30,11,1,9,5,1,6,3,6,4,17,3,9,4,7,7,30,15,15,5,4,3,5,14,6,10,5,6,7,19,2,7,4,0,4,5,7,4,5,8,5,10,14,5,11,3,6,9,2,13,4,2,8,9,3,5,8,3,5,2,5,1,11,3,8,3,2,8,9,35,12,14,4,3,2,2,12,5,0,60,14,4,0,4,9,13,23,1,7,4,25,3,6,16,1,17,4,17,4,1,20,7,1,9,6,21,12,68,3,3,11,13,0,4,6,24,4,3,33,7,11,26,7,6,1,7,12,55,17,2,57,8,7,7,11,14,2,4,15,2,2,15,1,1,3,6,3
1,0,0,0,0,0,0,0,0,1,1,0,0,1,0,5,0,5,3,0,1,0,0,0,0,0,0,0,2,1,1,2,2,1,0,6,1,0,0,0,1,0,0,3,0,1,1,1,3,0,0,1,22,0,1,1,1,0,1,0,2,3,0,2,0,0,1,2,1,1,0,0,0,1,0,0,0,2,4,1,0,0,0,2,2,0,0,3,1,0,0,0,1,0,0,1,2,0,0,0,2,1,0,1,1,0,5,0,0,1,7,0,1,1,0,0,2,0,0,4,1,0,1,9,1,0,0,0,0,2,0,3,2,0,0,0,5,0,0,0,1,0,0,0,1,0,2,3,1,2,0,2,0,0,1,2,0,0,2,0,0,1,0,0,3,0,0,0,0,2,0,1,0,1,0,0,2,0,3,0,0,0,1,0,1,0,0,0,0,0,0,0,1,2,1,0,0,0,3,0
0,0,0,0,0,0,0,0,0,0,0,0,0,0,0,0,0,1,0,0,0,1,0,0,0,0,0,0,1,0,0,0,1,0,0,1,0,1,0,0,1,0,0,0,0,0,0,0,0,0,0,1,2,0,0,0,0,0,0,0,0,0,0,0,0,1,1,1,0,0,1,0,1,1,0,0,0,0,0,0,0,0,0,0,0,0,0,0,0,0,0,0,0,0,0,0,0,0,0,0,0,0,0,0,0,0,0,0,1,0,0,0,1,0,0,0,1,0,0,0,0,0,0,0,0,0,0,0,1,0,0,0,1,0,0,0,0,0,1,0,0,1,0,0,0,0,0,0,0,0,0,0,0,0,0,0,0,0,1,0,0,0,0,0,0,0,0,0,0,0,0,0,0,1,0,0,0,0,0,0,0,0,0,0,0,0,0,0,0,0,0,0,0,1,0,0,0,0,0,0
0,0,0,0,0,0,0,0,0,0,0,0,0,0,0,0,0,0,0,0,0,2,3,0,3,0,0,0,0,0,0,3,0,2,0,2,0,0,1,0,0,0,0,0,0,0,0,3,0,0,0,0,0,0,1,0,0,0,0,0,0,0,0,1,0,0,0,0,0,0,0,1,0,0,0,0,0,0,1,0,0,0,0,1,2,2,0,0,0,1,0,2,0,0,1,0,0,1,0,0,0,0,0,0,2,0,0,0,0,0,0,0,0,0,0,0,0,0,0,0,0,1,0,0,0,0,0,0,0,0,0,0,0,0,0,0,2,0,0,0,1,0,0,0,0,0,0,0,0,0,0,0,0,0,0,0,0,0,0,0,0,0,0,1,0,0,0,0,0,2,0,1,0,1,0,0,0,0,0,0,0,0,0,0,0,0,0,0,0,1,0,0,0,0,0,0,0,0,0,0
2,13,3,1,1,5,0,6,5,5,1,3,0,3,12,4,5,3,11,0,6,16,19,2,3,2,2,3,27,1,3,16,17,1,1,6,13,5,8,17,5,19,12,13,6,4,28,11,17,11,11,2,5,8,8,12,7,1,4,3,2,9,2,1,0,0,0,2,0,13,1,8,6,4,3,4,3,7,5,31,3,12,15,3,11,1,4,3,6,7,4,4,3,2,13,15,1,4,0,0,3,9,4,8,3,7,7,6,1,3,2,1,3,5,6,12,4,2,1,2,4,1,1,4,10,4,2,0,3,13,18,8,27,4,3,2,0,1,5,10,4,4,9,2,6,0,15,5,11,5,4,7,3,3,0,3,1,2,8,8,13,0,1,4,6,0,3,4,8,3,2,7,11,9,32,3,3,0,1,5,13,2,6,8,1,6,3,14,2,2,4,2,3,0,21,5,6,3,7,2
1,0,3,3,1,1,4,2,0,0,3,0,3,0,2,0,1,2,0,2,1,0,1,0,2,1,0,0,8,0,1,7,0,3,0,0,1,0,1,1,8,4,3,2,2,0,2,5,5,0,9,0,10,10,1,0,0,0,0,0,1,1,1,6,1,6,0,0,1,3,2,1,0,0,1,1,1,0,1,1,1,1,5,0,0,5,2,1,1,4,0,2,2,2,3,2,3,1,1,1,2,1,2,2,4,0,1,0,0,1,0,0,0,0,1,2,1,13,0,1,5,4,0,1,3,2,5,0,0,0,0,3,0,1,3,2,4,2,1,5,1,1,0,3,4,2,1,2,4,4,2,1,0,7,1,0,2,1,6,0,0,0,2,0,1,0,0,1,4,1,4,6,0,5,6,0,0,0,2,1,5,7,0,0,0,0,0,2,1,1,4,2,1,1,4,1,0,0,0,0
0,0,0,0,0,1,0,3,0,0,0,0,0,0,0,0,2,0,1,0,0,0,1,0,0,0,0,0,0,0,0,1,1,1,0,0,2,1,0,4,0,0,0,0,0,6,4,0,4,2,0,0,0,0,1,0,0,0,0,0,1,1,1,0,0,0,0,0,0,0,0,0,0,0,1,1,0,0,0,0,0,1,0,1,0,0,1,0,0,0,0,0,2,1,0,0,0,4,0,0,0,0,0,0,0,0,0,0,1,0,0,0,0,0,0,4,0,0,0,0,0,0,0,0,0,0,0,0,0,0,1,0,1,3,0,0,0,0,0,1,0,0,0,0,0,0,1,0,0,0,0,0,4,1,0,0,0,0,0,1,1,0,2,0,0,0,0,0,0,0,0,1,0,0,3,0,0,1,0,1,4,0,0,0,1,1,0,2,0,0,0,0,1,0,0,0,0,0,1,0
0,0,0,0,0,0,1,0,1,1,0,2,1,2,0,1,3,2,1,0,0,0,0,0,1,5,0,1,1,0,1,2,0,0,0,3,0,3,0,2,1,0,0,1,0,2,2,2,0,0,1,0,7,0,1,0,0,1,0,0,3,2,2,3,0,0,0,0,1,0,0,0,0,0,0,0,1,2,0,1,0,2,0,0,0,1,0,1,1,1,0,3,0,0,2,1,0,1,0,1,0,2,1,2,0,1,2,0,0,3,0,0,0,0,0,1,0,1,0,0,0,0,0,5,2,0,1,0,0,2,1,0,2,0,3,2,3,0,0,1,0,0,0,0,0,1,3,0,3,1,0,0,1,2,0,0,0,0,2,1,1,0,0,1,0,0,0,0,1,1,0,2,0,1,2,0,0,0,0,1,2,0,1,5,0,0,0,2,0,1,1,0,3,1,4,1,1,0,1,3
9,3,8,21,3,7,5,8,11,15,25,4,1,10,14,10,11,7,10,3,8,92,44,6,4,1,4,3,15,12,15,21,18,11,2,4,19,11,2,37,1,34,12,11,11,12,8,6,11,3,25,8,8,1,7,15,14,7,4,4,10,15,10,7,2,16,12,5,4,9,4,7,9,12,7,9,7,16,4,5,7,8,17,6,17,15,5,5,10,11,11,10,2,9,11,58,7,19,0,8,4,10,10,4,5,8,4,3,14,5,15,58,4,14,5,59,7,7,48,21,5,1,2,8,8,5,1,3,4,13,26,7,40,12,2,5,5,29,7,11,7,7,14,3,4,14,22,4,34,7,8,3,9,13,4,18,7,5,2,23,16,8,7,5,23,0,2,5,0,1,4,35,14,5,9,10,10,6,0,2,58,2,7,14,5,16,19,23,8,3,0,13,12,11,18,5,8,4,16,6
4,4,2,4,21,16,4,12,5,9,5,9,2,4,10,9,10,6,7,5,3,47,35,2,5,11,0,1,26,4,19,45,6,9,5,8,10,1,4,17,11,11,14,2,8,20,19,9,33,18,28,6,3,4,15,4,8,10,3,6,5,8,0,4,0,5,6,9,8,8,5,7,7,3,2,6,9,7,2,5,3,8,1,4,1,10,5,5,7,9,6,13,6,8,3,6,12,13,2,7,5,6,12,7,14,4,4,4,9,2,0,27,2,5,12,22,15,0,20,4,6,1,6,8,10,5,1,3,0,5,13,9,36,9,21,7,6,18,11,10,11,3,9,14,4,9,12,11,19,6,13,6,10,11,6,7,1,4,10,21,27,7,4,8,2,1,3,3,8,2,5,21,9,9,20,8,5,2,2,1,45,3,5,39,5,4,12,12,9,1,5,6,9,6,20,4,6,10,27,5
2,5,1,0,1,2,0,5,3,5,2,1,0,4,4,7,3,8,5,0,8,12,2,9,2,4,0,15,3,3,16,36,3,2,6,0,41,4,3,1,1,0,1,0,0,1,6,5,3,2,4,2,3,0,4,4,3,2,3,9,7,2,2,1,41,10,4,2,2,2,2,0,2,2,12,8,4,1,3,10,4,2,0,4,1,0,5,5,1,3,6,0,1,1,1,2,34,18,0,1,3,3,0,1,1,5,6,12,4,0,1,0,10,5,0,19,6,4,1,4,2,0,0,2,4,1,2,1,0,3,0,32,5,1,6,3,17,4,1,1,4,1,8,3,5,1,3,6,5,8,2,3,0,2,0,19,3,7,4,2,0,3,2,0,0,0,3,8,3,2,6,2,13,20,1,12,11,3,7,9,9,3,6,0,5,7,5,9,0,0,1,2,3,4,4,2,2,4,6,7
0,2,0,2,0,3,1,0,3,1,1,0,0,4,4,1,3,1,2,0,0,6,6,0,2,1,4,1,1,0,4,3,4,2,0,5,0,2,0,1,1,0,1,1,1,0,1,1,0,6,3,0,3,0,1,0,1,1,1,1,1,3,1,4,0,2,2,0,0,0,1,4,2,21,1,3,1,2,2,0,2,1,3,2,0,0,0,1,1,1,1,0,0,2,2,2,0,4,1,0,2,1,0,0,1,2,3,3,5,2,0,0,0,1,2,2,0,0,0,1,0,0,5,1,6,3,1,0,0,1,2,0,3,0,1,0,0,11,0,0,1,4,2,4,3,6,0,0,1,0,0,1,5,2,0,2,0,0,1,1,0,0,0,1,1,0,0,0,1,3,1,4,0,2,0,3,5,1,2,2,4,0,1,3,1,0,1,1,1,1,11,0,0,0,2,1,0,1,2,0
5,2,0,6,0,4,2,1,0,0,2,1,2,1,2,4,2,2,1,2,6,0,2,0,5,5,5,1,3,0,0,3,4,5,0,2,3,0,3,2,0,1,2,0,9,0,6,4,3,1,0,4,5,22,2,2,4,6,2,4,2,2,5,5,0,0,6,7,3,3,5,4,4,2,0,3,1,2,4,6,58,4,2,0,1,0,3,6,4,7,5,2,0,2,5,3,4,6,17,4,3,1,0,2,3,3,3,9,1,2,2,3,6,5,1,1,6,45,0,3,5,0,4,0,6,4,9,5,1,5,2,4,0,1,1,0,0,1,0,0,2,1,5,0,1,1,1,0,0,8,2,0,0,1,7,6,7,3,0,0,0,2,0,0,1,1,10,2,2,9,0,2,5,6,6,2,8,6,5,9,2,0,4,0,6,3,0,3,6,6,0,2,2,2,8,4,8,3,4,3
11,4,2,6,0,13,10,5,6,9,3,9,1,4,4,3,14,3,3,1,6,3,4,0,3,14,2,8,11,3,9,4,9,7,1,7,3,2,7,0,17,4,17,0,9,1,0,12,1,4,6,8,4,11,2,8,8,7,8,7,9,8,6,11,14,4,10,9,4,4,3,13,2,3,99,4,2,4,2,6,18,10,2,3,8,0,6,18,11,11,8,5,2,5,1,2,7,22,3,5,9,6,1,3,5,1,25,15,8,3,1,0,4,7,9,8,8,102,0,6,10,4,5,36,11,6,11,8,0,5,4,48,29,8,2,9,8,1,7,2,15,3,14,4,0,6,6,2,1,63,4,2,0,23,1,10,25,1,10,10,18,4,3,5,1,0,2,6,5,5,7,10,8,23,13,2,16,7,9,4,6,1,10,1,5,4,5,17,3,2,3,17,6,13,13,9,7,1,7,4
16,4,8,15,11,15,8,21,14,12,35,13,6,16,30,17,17,8,8,9,15,55,55,2,11,13,5,7,52,7,32,55,28,6,12,13,16,9,18,21,9,17,18,18,16,19,44,14,90,56,18,14,16,18,32,16,17,8,15,23,7,14,18,16,0,3,17,15,10,29,14,29,14,5,7,7,20,13,2,2,4,18,26,5,14,27,4,4,11,31,5,21,13,14,14,16,8,21,1,26,10,8,25,10,8,11,11,8,16,11,9,9,3,7,7,14,10,0,7,19,8,5,16,14,9,4,4,1,4,19,22,6,81,15,8,3,21,34,10,20,10,3,23,9,4,14,25,2,23,16,9,13,13,7,23,3,12,22,7,42,30,13,9,10,12,1,6,8,9,15,2,66,13,28,26,15,17,11,8,5,45,11,12,52,9,6,18,18,37,6,134,2,11,7,20,4,5,13,18,12
0,0,0,0,0,0,0,0,0,0,0,0,0,0,0,0,0,0,0,0,0,0,1,0,0,0,0,0,0,0,0,0,0,0,0,0,0,0,0,0,0,0,0,0,0,0,0,0,0,0,0,1,0,0,0,0,0,0,0,0,0,0,0,0,0,0,0,1,0,0,0,0,1,0,0,2,0,0,0,0,0,0,0,0,0,0,0,0,0,0,0,0,0,0,0,0,0,0,0,0,1,1,0,0,0,0,1,1,0,0,0,0,0,0,1,0,0,0,1,0,0,0,0,0,0,0,0,0,0,2,0,0,0,0,0,0,0,0,0,0,0,0,0,0,0,3,0,0,0,0,0,0,0,0,1,0,0,0,0,0,0,0,0,0,0,0,0,0,0,0,0,0,0,0,0,0,0,0,0,0,0,0,0,0,2,0,0,0,8,0,0,0,0,0,0,0,0,0,0,0
21,7,7,15,3,8,13,17,17,18,27,15,8,14,79,6,14,13,6,10,4,135,57,17,12,23,24,9,30,41,26,30,27,7,8,8,4,8,11,23,24,12,11,10,22,15,39,10,31,32,27,7,21,22,23,11,13,8,6,11,9,15,9,11,1,8,10,12,11,21,22,28,12,6,17,11,11,14,6,8,7,26,29,5,20,13,4,0,8,16,4,11,11,22,6,9,8,22,12,1,6,11,16,16,14,5,13,7,9,6,23,32,6,15,6,23,6,0,13,21,4,4,25,19,17,11,4,5,6,25,32,14,62,23,16,7,12,16,13,6,9,13,22,15,1,11,22,5,16,21,7,15,5,20,7,7,4,15,15,28,26,8,5,3,13,1,5,8,13,12,5,70,15,30,41,9,9,7,15,13,88,18,9,58,10,15,9,34,17,1,11,6,14,11,34,8,10,10,7,13
5,3,1,4,10,3,8,11,9,12,1,4,0,6,6,4,5,3,10,1,7,76,49,53,3,1,4,4,11,3,3,10,9,4,4,2,8,3,11,4,8,1,14,1,7,6,5,13,3,1,7,2,12,0,3,6,6,5,7,4,5,5,1,5,91,96,1,1,5,2,41,2,9,12,32,2,0,8,2,4,1,3,1,7,4,0,8,4,7,4,0,12,6,5,4,0,2,6,0,2,1,5,5,14,12,3,2,4,4,3,5,10,5,9,0,22,2,0,13,16,3,0,0,15,4,5,10,3,0,7,1,31,18,32,1,4,4,9,8,0,4,6,5,1,5,3,1,1,8,7,11,5,2,1,2,5,12,2,4,15,2,3,8,7,3,0,1,1,1,2,4,6,8,3,3,6,8,5,19,24,126,23,10,0,4,10,1,27,5,2,7,9,2,1,1,3,5,5,8,4
2,3,0,2,0,6,0,2,3,9,0,5,2,0,1,0,2,1,11,1,3,0,2,0,10,1,1,6,1,2,0,4,6,5,5,53,8,19,18,0,0,3,1,5,1,0,0,3,2,0,0,2,12,0,0,4,31,3,2,6,1,5,4,6,1,1,5,10,3,2,11,1,2,3,3,7,2,5,0,3,2,1,0,5,14,0,9,12,7,6,7,5,7,7,3,0,19,4,0,1,4,5,1,4,0,7,1,3,1,0,4,4,21,5,4,2,6,2,5,2,2,0,0,2,5,1,2,4,0,0,0,5,1,5,9,1,33,4,0,2,7,10,5,2,2,2,4,8,1,7,2,5,1,0,0,26,12,1,2,0,0,7,4,0,1,0,0,5,0,5,4,1,17,9,3,12,9,3,13,0,4,2,2,8,1,2,1,3,2,1,1,18,3,8,2,0,2,2,5,11
1,5,1,11,0,4,6,8,5,6,2,5,0,8,1,6,3,2,3,1,4,35,4,2,10,8,2,5,9,1,0,2,1,2,1,1,6,4,3,1,12,2,10,3,7,2,0,3,3,0,1,0,2,0,1,2,2,2,2,4,3,2,6,0,0,4,4,5,7,3,0,4,5,2,3,3,4,2,4,3,12,6,8,4,3,2,9,2,2,1,3,0,0,3,2,1,0,9,0,3,4,6,0,8,2,8,9,4,5,3,9,27,8,4,4,4,5,2,0,1,4,0,3,19,5,6,0,7,2,2,60,19,6,1,6,11,1,3,4,6,1,9,7,2,0,11,4,2,1,14,2,2,2,1,2,7,3,3,1,1,0,3,1,1,11,0,3,5,2,3,1,2,13,2,6,10,24,3,3,3,7,0,4,0,4,1,1,7,0,3,5,2,3,8,2,1,6,4,4,6
3,0,0,2,0,1,1,6,2,2,2,2,0,3,9,3,3,1,3,0,2,19,5,1,2,6,4,1,3,5,9,7,3,2,7,0,3,1,4,0,0,9,1,1,1,1,1,3,3,0,9,0,1,2,1,4,3,0,2,3,2,8,4,2,12,15,1,3,1,1,2,3,4,2,1,2,5,2,0,3,4,3,4,1,3,2,3,1,1,1,1,1,0,1,4,3,3,1,1,0,3,1,2,1,3,2,4,0,3,1,0,5,0,7,0,5,2,6,2,1,1,1,2,5,1,2,2,2,1,3,8,3,1,0,2,1,1,6,2,3,1,1,4,0,0,1,1,5,1,5,0,0,0,1,9,2,2,0,0,0,1,5,5,2,0,0,5,3,0,2,1,7,2,0,9,9,4,0,1,1,13,1,7,13,1,3,4,3,4,0,5,0,3,4,8,0,2,2,6,3
8,11,6,12,1,4,15,4,8,7,0,5,14,20,5,9,20,9,1,8,6,2,5,0,1,14,35,12,11,7,12,8,7,0,8,1,0,7,7,6,4,14,9,0,7,2,7,6,4,28,10,5,33,16,5,2,13,2,5,11,8,10,13,15,1,0,22,8,3,8,1,25,6,9,7,5,3,6,31,2,410,8,2,5,10,1,6,5,8,14,12,6,2,13,5,2,5,13,20,4,5,13,0,6,3,12,0,11,7,4,4,3,5,7,4,9,6,92,1,1,4,4,3,27,16,10,20,43,20,6,7,11,15,2,10,5,5,8,10,2,17,3,21,0,6,6,5,19,4,29,0,2,23,8,5,20,7,8,7,5,3,9,5,4,4,130,2,17,79,15,9,18,5,7,17,8,36,6,15,16,9,3,5,15,6,23,0,15,1,0,2,5,9,8,7,3,11,8,10,9
8,6,6,1,0,3,1,2,3,4,2,2,1,11,1,4,6,2,5,1,4,2,4,0,1,7,1,8,4,2,1,6,8,2,1,1,3,2,5,3,4,0,0,1,10,1,4,0,0,1,1,1,2,12,12,1,2,6,5,7,3,7,7,3,0,0,9,8,3,0,1,5,2,4,1,10,1,4,8,9,7,7,0,10,8,1,1,12,4,12,3,1,0,7,10,5,3,2,2,2,7,5,2,2,1,5,10,20,1,1,0,0,6,0,5,3,4,140,0,0,0,4,0,8,4,0,3,3,0,6,1,2,2,0,3,2,17,1,0,5,7,3,8,2,4,2,3,32,0,3,1,10,1,11,0,13,55,5,5,1,0,11,0,2,1,0,0,5,1,6,12,4,3,18,13,8,19,12,19,0,0,2,2,2,4,1,1,4,0,9,3,1,7,4,4,1,5,5,5,4
12,15,10,25,4,13,18,13,10,26,2,3,21,6,7,12,23,29,12,6,13,11,4,1,8,6,50,7,12,18,5,8,19,8,7,3,17,13,13,3,6,10,6,5,24,6,17,14,3,13,9,8,34,38,1,11,7,11,16,17,8,19,15,21,3,3,24,20,12,14,8,18,7,6,3,17,9,10,34,19,338,19,8,8,9,0,13,17,12,32,8,16,6,26,10,11,22,16,51,2,14,11,5,9,7,21,9,13,6,8,8,4,9,10,8,1,8,176,0,4,5,20,2,40,11,9,5,110,34,7,12,33,17,2,4,26,4,3,8,0,17,2,17,4,14,6,5,46,1,63,3,11,12,14,2,25,15,9,3,3,8,7,2,2,1,14,5,17,10,22,4,27,15,15,23,7,19,14,28,53,9,12,2,10,13,7,1,61,7,56,1,2,18,14,27,27,4,6,13,16
24,4,15,19,23,9,29,10,10,8,3,3,6,20,16,21,26,19,12,7,15,90,148,0,26,6,21,6,16,2,11,81,54,30,6,18,39,2,19,46,2,27,5,12,23,13,5,40,64,10,14,3,14,21,10,6,18,19,12,25,17,18,11,13,1,4,14,15,7,21,6,15,6,4,4,8,13,17,11,9,5,27,32,36,30,63,9,7,31,46,10,34,32,10,16,17,7,29,2,69,19,18,27,15,13,8,6,4,18,9,19,21,2,4,12,57,17,0,14,118,16,2,31,7,52,18,1,4,0,38,18,7,62,23,2,1,1,31,13,30,15,6,31,30,0,17,29,2,65,5,11,6,9,19,10,1,9,22,6,17,22,4,15,12,40,0,5,7,13,8,5,133,13,10,33,15,8,7,7,4,79,1,5,43,15,8,45,16,77,8,498,6,12,10,8,3,17,9,36,5
2,0,1,3,0,1,0,0,1,0,0,2,2,0,1,0,2,1,0,0,1,16,10,7,1,0,1,2,0,1,4,6,2,0,1,0,5,0,2,0,0,0,1,0,0,1,5,0,0,0,1,0,1,0,0,1,0,1,0,1,3,2,0,1,0,0,1,0,0,0,2,0,1,2,1,2,0,1,1,1,0,2,1,0,2,2,0,2,1,3,0,0,0,0,0,2,2,0,0,0,2,2,0,0,0,3,0,4,0,1,0,0,1,0,2,4,3,0,0,1,0,0,1,0,1,0,0,0,0,1,1,1,0,0,0,1,1,1,0,0,3,1,0,0,0,5,0,1,0,0,2,2,0,1,1,1,0,0,0,0,0,0,0,0,0,0,0,7,0,1,1,1,3,0,1,1,1,0,0,2,16,3,0,1,1,0,0,4,0,1,0,0,3,1,1,1,5,1,1,1
7,5,10,2,2,8,18,4,6,10,1,2,3,13,9,8,3,14,11,1,12,100,6,7,2,7,1,9,12,1,2,0,13,6,1,6,3,9,9,10,4,13,1,1,6,4,5,8,4,1,1,1,13,1,4,6,6,6,6,5,9,13,5,9,0,0,7,7,5,8,2,0,7,3,1,7,2,2,9,9,4,7,7,7,3,0,8,15,5,7,0,2,3,7,11,8,4,12,0,0,2,6,0,6,5,1,4,7,6,9,3,2,1,11,3,1,7,0,0,4,13,1,4,4,6,3,5,6,2,12,5,5,11,4,33,10,1,1,5,1,10,3,19,2,5,29,8,1,5,20,4,8,3,4,8,12,5,3,4,3,1,1,10,1,4,0,4,11,31,11,20,21,2,1,1,6,8,6,0,5,2,0,6,5,3,26,0,6,4,7,2,38,2,9,8,4,6,6,14,1
7,12,1,3,1,6,17,3,7,9,6,1,23,14,0,7,12,5,10,3,5,16,7,0,0,5,0,5,9,3,3,5,7,1,7,4,0,4,12,1,3,2,2,1,7,7,19,7,1,1,4,9,23,15,6,7,6,4,6,10,16,10,10,8,0,0,12,14,5,3,5,19,9,7,8,7,1,15,4,4,300,12,5,9,9,0,4,8,5,17,1,6,1,14,4,5,17,5,38,2,12,18,2,5,1,11,5,6,4,9,2,4,5,4,10,0,5,125,0,6,3,4,2,17,9,11,9,37,35,7,6,8,22,1,6,6,5,2,0,7,11,7,19,3,4,6,6,24,1,24,3,10,10,3,1,58,7,9,4,2,12,13,6,10,2,64,10,8,30,10,4,11,14,7,8,9,19,7,7,12,9,6,9,4,8,10,2,30,2,13,1,5,12,13,11,6,7,9,8,13
2,4,4,6,6,2,13,0,1,4,11,4,1,9,2,11,3,0,5,4,7,5,1,2,17,9,1,7,5,4,5,57,3,2,3,1,42,6,3,2,15,3,0,0,5,0,3,6,8,1,5,2,14,3,0,3,3,1,4,3,6,0,4,3,12,3,3,5,2,4,4,4,5,3,0,4,0,2,1,6,0,2,7,5,2,0,7,4,6,8,4,5,1,4,14,0,7,0,0,17,3,13,2,1,6,7,0,4,1,2,1,0,3,8,2,8,4,2,2,0,1,0,3,0,3,1,2,2,0,6,2,13,3,2,3,1,11,2,4,2,2,2,6,2,2,9,4,2,15,1,0,2,0,2,0,17,5,2,16,10,3,9,1,3,2,0,0,2,3,4,0,12,4,6,1,7,7,2,20,2,12,1,9,12,5,7,6,5,0,0,0,6,4,3,6,2,3,2,5,5
0,0,0,0,0,0,1,0,0,1,0,1,0,0,0,2,0,0,0,0,2,0,0,0,0,0,0,0,0,1,0,0,0,1,0,0,0,0,0,0,0,0,1,0,0,0,0,0,0,0,0,1,0,0,0,0,1,2,0,3,1,2,0,0,2,0,0,0,1,0,1,0,0,0,0,0,0,1,0,0,0,1,0,1,0,0,1,1,2,0,1,0,1,0,0,1,0,1,2,0,1,0,0,0,1,0,2,7,0,2,0,0,0,1,1,0,2,3,0,0,1,0,0,0,3,2,0,1,5,0,5,0,0,1,0,0,1,0,0,0,2,0,0,1,0,1,0,0,0,0,0,0,0,1,0,3,0,0,1,0,0,0,1,0,0,0,0,0,0,1,6,3,0,0,0,3,2,2,0,1,0,2,1,1,1,0,0,0,0,0,1,2,0,1,0,0,1,0,0,1
0,0,0,2,0,2,1,3,1,1,2,1,3,2,8,5,3,0,1,0,1,30,8,1,1,1,3,2,1,1,2,3,0,2,0,0,10,23,0,7,0,4,3,0,4,6,4,0,1,3,3,3,1,5,2,6,1,1,1,3,2,2,3,2,3,1,5,1,2,2,7,2,2,3,0,0,4,4,3,4,0,0,2,2,2,1,1,2,3,5,0,5,0,2,8,4,11,0,0,0,3,3,0,6,1,2,2,0,3,1,3,3,0,1,2,7,5,8,1,0,0,1,0,7,1,1,3,1,0,0,7,4,13,0,1,1,4,6,1,3,5,1,3,2,34,1,2,4,3,1,1,1,0,0,0,5,0,0,0,3,4,2,0,0,0,0,4,4,1,1,4,1,2,2,6,5,3,0,0,1,1,0,0,3,2,3,1,9,2,1,0,2,3,2,7,12,1,3,2,2
6,2,4,12,0,6,4,4,6,6,3,7,0,2,4,10,5,2,14,1,10,0,1,0,2,3,0,2,8,7,0,1,7,4,4,3,0,2,2,2,1,6,4,0,6,0,0,7,0,2,1,8,0,2,4,1,2,12,9,5,12,2,3,2,0,0,7,6,6,1,16,10,5,7,3,11,8,11,2,2,4,4,0,11,4,0,10,11,4,5,1,3,2,1,14,0,2,23,0,1,8,4,0,2,9,4,5,15,2,7,6,0,7,13,13,0,3,9,0,4,5,6,0,2,4,9,0,6,0,6,2,14,5,3,2,1,0,0,1,9,10,5,7,1,2,4,2,0,7,11,2,11,0,1,132,32,7,2,1,1,0,7,6,1,4,0,48,1,0,3,1,8,9,0,0,5,4,13,1,4,0,3,17,0,4,0,0,3,1,0,0,6,4,5,2,7,7,4,17,7
11,8,3,4,1,3,19,14,9,17,5,3,11,14,7,14,16,8,2,5,4,10,17,7,6,1,37,6,17,15,15,14,15,10,4,3,2,7,7,9,4,3,9,9,13,21,11,6,17,3,6,10,8,30,5,10,7,15,7,7,11,8,11,5,9,3,7,6,8,7,5,10,3,8,3,14,6,4,10,16,193,17,3,4,4,0,13,8,4,16,4,2,1,11,11,3,21,11,35,6,11,13,5,9,11,6,5,3,9,10,9,2,3,14,4,0,7,146,6,11,2,10,1,21,16,15,12,20,16,12,9,9,20,4,2,5,3,8,4,2,8,6,18,5,2,6,5,50,2,31,3,5,10,6,2,23,1,7,5,1,7,11,2,6,9,40,10,7,8,9,4,20,13,2,9,4,24,6,5,19,16,4,9,7,13,11,6,43,4,6,0,3,17,5,27,22,8,11,12,5
7,5,1,4,2,23,3,5,5,6,3,5,4,43,10,1,7,2,8,4,2,38,4,14,1,3,0,8,7,7,1,3,7,4,4,0,4,0,8,0,3,16,2,44,2,8,13,6,3,0,8,1,0,4,5,10,4,1,3,3,6,5,6,6,1,0,4,11,7,2,6,2,4,3,0,7,4,5,5,3,1,2,13,6,3,0,4,3,4,6,5,2,3,4,3,1,4,3,0,2,2,1,6,1,0,18,3,8,2,2,6,1,10,6,2,1,1,0,1,1,4,0,2,0,7,3,1,2,0,4,15,5,5,1,3,5,4,0,2,5,4,3,4,1,1,12,1,1,0,7,6,3,0,0,2,9,2,4,1,2,0,4,6,2,17,0,3,5,1,2,10,11,14,0,4,2,10,8,2,7,7,2,3,2,8,1,0,2,0,0,0,3,6,5,19,5,6,10,23,4
7,4,2,3,3,7,4,9,5,11,5,2,2,7,16,6,4,6,6,4,3,36,20,10,1,7,10,2,6,9,5,15,5,2,2,4,29,5,5,9,3,2,14,2,9,40,32,14,3,5,13,3,3,2,1,1,1,1,4,7,4,7,1,0,11,8,1,2,3,4,9,2,4,4,14,7,2,4,2,9,1,7,26,2,1,2,5,2,6,4,0,1,1,1,8,3,9,13,0,4,1,2,4,11,1,2,1,0,4,5,0,6,4,7,4,17,5,0,7,4,2,0,3,8,6,3,2,1,1,3,7,2,3,3,1,4,3,8,7,1,8,7,4,7,1,2,8,1,42,4,2,2,0,0,2,4,4,2,2,2,1,3,5,8,4,0,2,5,1,3,11,13,1,7,26,7,6,3,4,4,64,3,3,10,3,2,0,5,0,2,17,26,7,3,16,6,5,5,7,16
4,2,0,3,2,14,2,12,5,9,0,9,2,12,6,4,12,9,1,4,3,12,8,6,11,12,5,2,8,7,21,1,8,10,7,7,4,10,7,6,18,7,9,4,9,4,6,8,5,2,37,1,22,1,4,8,16,2,3,6,7,10,5,14,37,24,10,10,5,24,4,15,9,6,6,1,3,8,11,9,3,2,21,4,8,0,3,4,3,15,7,2,4,7,9,4,5,4,0,1,12,5,1,9,0,5,5,2,5,8,5,1,0,4,2,9,4,0,5,5,18,1,2,23,3,6,6,6,1,6,15,5,11,7,8,8,10,3,15,5,11,8,15,4,4,9,7,2,13,1,1,5,6,32,1,4,6,2,16,2,5,9,15,3,2,0,2,4,1,3,4,25,14,2,9,8,8,2,2,2,8,2,9,12,0,13,6,5,1,0,6,1,2,9,17,1,4,11,12,4
16,12,7,16,2,10,22,18,9,14,3,2,14,16,5,9,23,10,5,7,8,5,8,0,5,5,13,9,15,12,8,14,15,4,7,12,1,8,16,3,15,12,14,3,15,2,16,12,23,17,13,7,30,25,1,8,12,2,9,15,12,12,19,9,1,3,18,17,16,26,3,31,8,11,5,4,4,2,6,21,328,20,5,6,9,5,6,8,5,30,11,14,7,14,13,3,15,10,71,6,7,9,4,9,12,25,10,10,6,4,8,4,7,7,4,1,3,234,0,10,10,20,4,17,16,9,6,41,34,20,9,2,42,5,4,9,2,13,6,2,9,3,20,4,1,8,21,25,1,48,3,6,12,10,12,31,10,19,10,23,21,20,3,7,8,17,6,12,14,22,15,27,22,15,12,9,24,12,6,14,17,26,7,8,9,3,6,27,13,11,0,5,16,9,15,8,7,7,15,15
9,0,1,3,0,11,3,2,7,4,0,0,18,5,1,2,6,2,4,7,2,1,3,1,14,2,4,7,2,3,5,10,5,10,2,4,3,2,5,1,4,1,7,1,6,1,8,3,4,2,4,1,24,2,1,0,0,2,4,1,5,4,2,3,1,1,1,8,4,3,1,4,2,6,3,14,1,3,6,5,218,0,1,0,1,0,2,3,2,5,1,3,0,5,2,0,1,3,19,1,5,2,1,4,0,3,2,1,1,4,1,1,1,4,4,0,3,42,0,1,2,5,1,8,1,0,1,47,25,4,0,0,4,3,0,3,8,0,0,1,9,1,3,0,2,3,4,0,1,13,2,5,3,0,1,1,2,3,4,3,4,0,1,3,0,1,1,3,10,4,1,3,0,3,3,4,9,1,9,4,6,4,5,2,2,5,1,9,3,0,0,5,2,2,5,2,0,1,0,5
3,5,2,2,12,0,6,2,2,8,2,3,0,7,0,13,3,10,4,1,2,0,9,0,5,1,0,4,4,0,8,6,2,5,4,2,3,11,4,5,0,1,9,2,10,6,0,3,16,3,20,6,7,0,3,0,4,3,3,4,4,4,3,11,3,0,0,6,7,2,1,8,2,4,8,5,0,3,3,4,2,0,3,2,3,5,7,2,1,16,13,4,1,1,12,9,4,4,0,17,6,4,5,7,6,4,6,0,1,3,4,1,1,2,7,11,1,3,14,1,2,0,1,6,4,5,8,2,1,6,2,1,5,0,2,1,10,9,1,18,1,3,7,1,52,13,5,5,3,2,0,6,23,3,3,20,3,2,0,0,3,15,2,3,3,1,0,5,7,7,2,9,2,5,6,1,0,5,4,4,3,0,2,0,0,23,1,2,0,9,4,1,3,7,6,4,7,7,7,3
2,5,1,3,1,6,3,1,1,7,0,13,4,3,12,1,10,2,2,1,4,2,1,2,2,0,0,1,1,0,3,0,0,1,1,0,4,0,0,2,0,3,0,1,2,2,2,1,0,0,2,3,3,2,1,2,8,1,1,2,0,3,6,7,4,6,5,6,3,2,7,3,2,3,1,2,1,7,2,2,2,4,6,0,3,0,4,6,0,3,1,1,3,6,9,7,1,3,0,1,2,2,0,2,0,5,3,3,0,2,0,2,1,3,1,4,0,0,1,0,6,0,8,1,5,3,3,2,0,0,8,1,2,0,1,0,0,0,1,1,2,18,6,1,14,5,2,1,0,2,3,0,1,2,4,5,4,1,1,1,0,3,0,2,2,0,0,1,0,3,5,0,8,8,6,6,9,2,0,0,0,0,2,2,2,1,0,2,0,9,2,1,6,1,2,0,0,4,5,3
1,0,1,0,0,0,0,0,0,0,0,2,8,2,0,1,1,0,1,0,2,0,0,0,0,2,0,0,0,1,0,0,1,1,0,0,0,0,0,18,1,1,0,0,0,0,0,2,1,0,1,0,0,12,3,0,0,3,0,2,0,0,1,0,0,0,0,1,0,0,1,1,0,0,0,0,0,1,0,0,0,1,0,1,0,0,0,0,1,1,0,3,0,0,2,1,0,0,0,1,0,0,0,0,1,2,0,0,0,0,0,0,3,3,1,5,0,2,0,0,0,1,0,0,0,3,0,0,0,0,0,2,0,1,1,0,0,0,10,0,1,1,1,0,0,0,0,0,5,3,0,0,0,1,4,1,0,0,0,0,0,2,0,1,0,0,2,0,0,1,0,0,1,1,0,1,1,2,1,0,8,0,1,0,0,1,0,2,0,1,2,1,0,3,0,1,2,0,2,0
0,1,0,2,1,0,3,2,1,5,2,1,2,4,7,1,3,2,3,0,1,4,0,1,2,4,1,0,5,0,0,0,2,1,1,1,2,1,0,0,0,2,2,0,4,0,2,1,0,1,3,2,1,3,1,3,2,2,0,1,2,1,1,3,0,0,1,0,0,3,3,0,0,4,4,2,3,0,0,1,0,0,2,2,2,0,2,2,1,2,3,0,1,2,3,0,2,1,0,0,1,0,2,1,2,3,1,0,1,0,21,0,1,5,2,3,1,6,1,0,1,0,1,2,3,3,0,0,0,1,2,0,3,0,0,2,1,0,1,12,5,6,1,0,2,4,1,0,4,1,0,1,0,0,1,10,1,0,0,1,0,4,2,0,1,0,2,6,0,0,0,5,2,1,1,3,1,3,1,7,7,0,0,2,1,1,1,1,0,0,0,3,1,2,1,0,0,1,1,2
5,10,5,1,1,12,10,4,2,16,0,6,2,7,5,8,6,13,16,6,4,0,11,0,13,14,2,1,6,4,1,8,15,4,2,0,2,3,7,0,3,7,5,0,20,0,3,18,0,0,2,6,13,18,2,3,13,12,2,6,13,1,15,6,1,2,7,11,3,2,85,12,9,12,3,10,13,6,5,6,58,8,3,4,8,0,9,7,7,14,6,1,0,2,5,0,8,23,2,6,5,8,2,8,5,14,6,6,4,9,7,3,13,11,3,1,4,37,0,5,8,3,0,4,3,9,2,4,2,11,3,6,5,4,2,2,10,1,6,9,6,10,5,3,3,4,10,1,34,24,4,13,0,3,83,17,8,11,1,4,1,7,1,7,6,6,76,8,6,3,4,28,7,6,4,5,21,11,10,24,9,6,14,2,4,3,1,6,2,13,4,4,10,5,12,1,7,5,8,6
14,0,16,20,4,4,4,13,6,9,0,6,2,5,11,6,1,14,7,3,7,174,10,115,2,3,4,9,10,13,1,52,25,4,1,4,115,7,3,0,1,19,2,0,8,4,6,16,0,3,4,1,7,1,2,2,7,9,6,7,8,8,1,1,4,4,3,4,2,4,35,3,5,2,20,5,1,8,14,7,2,3,3,6,9,4,15,11,8,5,5,5,2,10,2,1,3,5,0,36,2,6,13,5,3,2,0,3,4,22,2,9,4,11,10,2,1,0,2,6,10,0,4,10,2,6,2,2,1,13,3,19,2,3,0,4,6,1,6,2,13,15,7,0,1,6,6,0,15,43,26,4,0,12,3,9,3,1,4,3,0,4,2,5,8,0,2,6,17,2,46,7,4,1,1,3,7,1,5,18,17,11,1,5,18,18,2,16,1,2,0,52,7,8,5,15,6,4,14,7
14,10,10,18,1,9,10,11,17,8,3,2,7,15,7,8,9,10,6,11,9,1,9,0,3,8,6,6,6,3,15,7,5,2,0,4,1,1,15,2,1,8,12,6,20,0,24,10,5,12,2,14,25,12,3,5,6,15,12,14,17,18,22,4,2,1,26,6,10,21,2,17,5,14,4,13,7,12,12,11,338,20,3,6,10,0,3,16,15,14,12,3,2,7,9,5,15,8,39,3,4,12,4,13,4,14,19,21,10,3,21,9,7,7,5,4,6,164,0,8,9,23,3,22,17,6,2,102,29,12,3,11,16,3,13,19,3,5,4,2,18,3,19,1,7,8,9,24,8,35,2,6,5,13,5,58,5,12,0,2,4,6,2,6,0,9,0,14,5,22,11,19,15,15,13,11,23,0,9,12,22,6,13,1,9,7,5,18,2,20,4,3,7,27,12,9,7,13,9,11
2,2,4,8,1,1,0,1,1,2,0,2,2,2,5,1,1,1,1,0,1,0,4,0,2,1,0,1,2,0,7,5,2,1,0,4,0,3,0,1,0,4,0,0,2,0,0,3,2,0,5,0,1,3,1,0,4,4,3,2,2,1,2,0,0,0,1,3,2,1,4,1,2,3,0,0,3,4,1,2,0,2,0,1,2,0,9,1,1,0,2,7,1,0,3,1,1,4,0,2,0,1,0,1,2,3,1,4,0,2,1,1,0,0,1,3,2,14,3,3,1,1,0,1,2,3,1,0,0,1,2,0,1,1,0,0,3,0,4,0,1,2,3,0,0,0,2,0,1,2,1,0,0,1,17,1,0,3,0,1,0,2,1,1,1,0,7,2,0,0,1,8,1,4,3,0,1,3,2,6,2,7,2,1,0,1,0,0,2,0,2,15,2,0,2,3,1,1,7,3
1,0,0,2,1,1,1,0,1,1,0,1,1,0,1,1,2,0,0,0,0,0,1,0,0,0,0,0,0,1,0,0,1,1,0,0,0,0,7,0,5,1,0,0,1,0,0,0,2,0,0,0,7,5,0,0,1,2,0,2,3,0,1,2,1,0,1,2,1,0,0,0,2,1,0,2,0,3,0,0,2,0,0,1,2,0,0,3,1,2,1,0,0,1,4,0,0,0,0,4,0,0,0,0,1,1,1,3,0,0,1,0,0,4,1,0,1,12,0,2,1,7,1,0,1,1,7,1,0,0,0,1,0,1,1,0,4,0,1,1,2,0,1,0,0,1,4,0,1,0,1,1,0,0,1,4,3,0,1,0,0,1,1,2,0,0,2,2,0,2,1,0,3,0,0,3,2,2,0,0,7,7,1,0,2,2,0,0,0,0,0,4,0,2,2,0,1,0,0,1
1,3,0,8,1,5,2,2,1,10,1,5,0,3,1,7,1,2,12,1,2,0,2,0,2,8,1,3,1,1,0,0,14,2,1,17,1,1,1,0,16,0,0,0,2,0,0,2,4,0,0,4,4,5,0,0,2,8,4,4,6,5,0,3,0,0,0,6,2,1,0,3,2,2,4,6,1,9,2,2,9,4,0,10,2,0,8,7,0,2,9,1,6,2,4,1,8,5,0,0,2,1,0,1,4,2,2,7,0,3,2,3,7,2,4,1,9,25,0,1,1,0,3,3,7,3,3,5,0,12,1,4,2,3,1,0,4,0,2,5,13,5,4,3,0,3,1,4,0,6,1,5,0,1,6,18,3,0,9,0,0,3,4,3,0,0,8,3,3,1,1,5,10,4,1,4,6,5,2,1,4,1,6,2,0,2,2,14,1,1,1,0,5,4,1,3,5,1,2,8
5,5,0,4,3,2,2,5,2,4,0,2,6,3,7,4,4,5,3,2,2,16,8,1,2,0,15,2,3,6,2,4,5,1,7,1,8,2,3,4,3,7,0,1,10,3,27,2,2,12,2,3,9,4,1,10,3,2,5,12,3,6,4,2,5,6,2,5,5,2,2,9,8,4,0,2,2,2,2,4,41,9,9,4,3,9,3,4,2,10,1,3,5,5,7,3,14,1,3,0,5,7,4,4,2,4,4,4,4,2,1,4,3,4,1,2,7,47,0,0,1,4,4,12,5,4,2,6,1,6,6,5,9,1,2,2,2,9,5,1,5,5,6,0,0,10,2,13,2,14,0,2,0,2,0,16,2,3,5,3,6,2,0,4,1,5,12,6,3,3,1,11,7,2,13,7,7,2,0,16,10,1,7,6,4,4,3,23,2,4,3,1,4,4,5,7,2,4,8,3
4,7,0,0,0,7,12,4,5,3,3,2,6,5,0,4,4,5,1,3,3,0,3,0,5,1,3,6,2,3,0,1,7,0,0,1,6,5,6,0,1,4,3,0,7,0,5,4,1,0,3,1,6,6,0,6,3,3,2,4,1,4,2,5,2,0,6,7,4,2,9,2,3,2,6,5,0,4,3,16,170,3,0,2,5,0,7,5,2,9,9,1,0,4,5,3,5,3,15,2,4,6,1,1,4,4,3,1,5,1,1,3,3,6,5,0,6,118,0,2,3,3,0,24,3,7,9,35,31,4,2,7,2,0,5,9,1,1,2,0,4,1,7,0,1,0,2,3,0,24,0,4,2,0,0,10,3,0,2,2,1,4,0,0,0,4,0,4,2,4,2,2,11,0,2,6,12,1,2,4,3,3,4,0,2,1,1,9,3,8,1,4,2,8,5,3,8,6,6,0
4,1,5,11,14,0,0,2,3,6,5,0,0,3,9,5,4,1,4,1,2,23,2,12,1,3,2,9,4,10,5,8,3,1,2,1,12,1,5,5,1,6,2,6,3,8,9,3,2,1,1,4,2,6,3,3,3,2,2,4,4,7,5,2,5,4,3,8,7,2,8,2,2,3,4,0,2,12,1,3,3,5,23,1,13,1,3,1,3,3,3,3,4,3,0,7,2,1,0,2,5,5,16,5,5,8,3,4,4,3,0,2,0,4,3,2,4,1,0,1,9,0,1,5,10,2,2,3,0,3,6,0,3,3,3,0,5,2,0,23,3,2,3,8,1,2,3,3,1,1,9,2,1,1,1,40,0,3,2,1,1,1,4,0,4,0,1,5,1,4,2,4,5,2,1,8,3,3,1,3,34,2,4,3,3,2,0,2,1,0,1,30,8,2,6,1,1,2,8,2
0,3,0,4,0,7,0,3,1,1,0,3,2,4,2,2,3,10,3,1,5,0,2,0,3,3,0,8,2,1,0,3,10,10,3,1,1,1,2,5,0,2,2,1,3,1,0,2,1,0,1,3,1,1,0,2,4,2,4,8,4,4,5,5,0,0,3,8,5,2,2,1,4,7,1,18,18,9,4,2,9,3,5,5,6,0,9,4,4,4,4,2,2,9,6,0,10,19,1,0,4,3,0,7,2,9,7,13,1,5,2,0,4,3,0,1,3,9,0,1,3,0,0,5,9,2,0,5,1,10,3,5,14,1,1,1,4,0,3,0,9,2,1,0,0,6,2,0,1,7,0,4,0,1,19,14,6,0,0,2,2,3,3,2,1,0,10,3,1,5,2,18,10,10,1,7,15,4,3,3,0,1,3,7,6,0,2,4,4,3,1,0,1,5,16,4,3,6,4,1
14,13,8,8,7,4,15,12,6,14,7,10,1,8,22,13,10,15,7,6,9,60,69,0,8,18,2,19,55,1,40,64,31,8,5,21,12,7,11,20,12,18,10,4,21,22,28,14,74,61,15,4,15,5,21,4,9,3,12,11,13,13,10,19,0,5,6,10,11,20,2,16,11,11,3,8,9,12,4,9,5,22,20,6,17,28,3,0,13,21,6,14,2,12,16,7,9,14,0,12,22,14,14,10,11,3,4,4,10,3,7,32,6,10,18,43,3,0,18,14,8,1,35,17,17,9,3,1,0,10,18,4,76,16,9,7,15,29,17,25,12,9,16,55,1,8,29,7,19,5,9,6,9,13,13,10,6,21,7,43,20,9,8,10,5,3,5,9,22,20,6,62,11,23,31,8,21,5,11,5,71,10,13,85,13,56,13,15,18,3,26,1,10,11,9,9,7,9,11,7
12,4,4,17,3,4,11,8,5,13,0,5,11,4,5,12,10,6,2,12,6,21,9,2,3,2,24,3,12,4,12,4,14,1,2,5,17,10,7,7,7,16,9,2,14,15,26,4,9,18,2,4,10,17,5,4,5,10,5,4,7,11,7,8,1,9,9,5,3,9,4,8,5,3,4,14,0,5,7,7,191,13,2,3,8,0,3,5,10,16,5,11,3,7,5,4,4,3,46,12,10,5,10,8,4,7,4,8,6,11,2,18,2,4,5,17,4,24,2,10,2,12,7,13,10,4,1,44,36,13,22,7,9,5,6,6,2,8,6,4,9,7,4,2,2,5,6,13,18,17,1,3,25,0,2,8,4,4,4,3,4,7,3,8,7,3,2,6,6,14,8,15,5,21,11,4,13,6,7,13,34,6,7,5,5,2,3,39,3,10,0,13,6,4,11,6,7,6,0,2
9,4,5,11,3,9,7,10,8,7,22,6,8,17,41,5,13,15,9,10,13,49,12,2,11,15,2,2,41,3,34,27,14,5,9,13,10,5,9,26,22,22,28,22,17,13,34,10,34,21,28,6,12,21,12,11,7,5,11,14,12,8,8,18,2,11,7,25,9,23,5,20,13,13,8,1,8,14,8,7,3,7,74,7,9,2,5,4,14,20,4,12,9,12,11,11,17,17,5,3,11,11,9,9,5,5,3,4,19,8,4,12,0,6,4,39,1,16,11,5,7,23,3,27,9,2,2,3,1,14,14,6,69,17,2,4,11,16,13,12,13,1,15,15,2,3,18,8,10,9,12,22,13,22,3,8,6,7,16,26,24,11,5,13,17,1,5,5,12,11,4,26,14,21,36,16,6,4,9,9,55,18,4,50,8,21,12,46,13,0,13,3,17,12,17,6,11,14,24,4
15,3,6,6,0,11,13,7,9,13,1,3,15,14,2,11,11,8,2,6,6,5,1,1,6,7,28,10,9,8,6,8,7,9,1,11,10,8,7,5,7,21,5,2,21,4,6,8,3,4,10,3,28,20,1,5,13,6,12,8,3,4,10,11,7,1,6,9,5,13,3,13,1,5,9,12,1,4,16,20,404,9,6,6,7,0,5,10,4,12,21,5,1,13,22,3,10,13,53,0,7,13,0,5,1,12,6,14,4,3,4,16,3,15,2,2,3,207,2,3,10,21,3,20,12,4,18,62,39,12,4,13,14,2,2,13,9,7,2,5,11,5,16,2,3,13,3,22,0,56,1,8,5,4,4,21,3,3,9,1,4,8,1,3,0,68,1,8,13,11,6,8,5,11,7,5,15,5,15,16,7,7,3,3,5,9,0,22,3,9,4,1,5,19,19,8,11,7,7,7
6,2,4,20,18,1,5,9,4,5,1,8,10,3,15,4,6,1,4,1,7,5,1,1,0,3,13,4,5,3,5,4,7,7,0,4,53,0,5,4,4,8,14,1,13,1,3,5,2,2,1,3,2,5,0,4,5,8,3,4,7,7,1,0,21,2,9,11,9,2,38,3,2,4,28,8,0,6,5,3,1,8,2,3,6,0,15,5,8,7,3,0,3,4,7,2,5,12,0,46,6,6,12,8,11,6,9,0,3,9,1,9,3,33,7,2,4,2,0,6,19,0,0,15,6,7,3,3,1,9,2,14,12,6,0,3,5,0,7,5,15,5,7,1,3,5,3,3,7,10,12,1,0,4,15,15,8,3,6,0,4,5,1,4,2,0,11,5,8,6,6,13,5,2,0,11,9,6,9,9,17,96,10,12,4,3,0,6,5,11,3,231,5,4,6,3,2,2,5,9
0,1,0,3,5,0,2,1,0,4,0,0,0,4,2,6,0,2,5,0,0,0,1,1,0,1,0,1,1,0,0,2,2,6,0,3,2,1,0,3,4,2,3,1,4,0,0,1,0,0,0,1,1,1,0,0,4,12,2,3,3,1,0,0,1,1,2,1,0,0,2,0,0,3,4,8,2,15,5,1,2,1,0,0,4,0,4,9,1,4,3,0,2,1,4,1,3,1,0,0,4,1,0,0,9,3,1,6,1,2,0,0,3,1,1,0,1,23,0,2,2,0,0,0,2,1,1,2,2,1,1,1,0,0,0,1,1,3,3,1,2,0,4,0,0,4,0,1,0,2,4,1,0,0,2,10,4,1,1,1,0,0,1,1,0,0,2,3,0,3,1,1,1,0,0,3,4,1,4,4,8,0,3,1,2,2,0,0,2,0,0,10,6,0,3,1,2,3,3,2
8,3,1,3,3,20,3,5,3,21,2,7,2,8,2,10,4,14,15,2,13,20,4,13,16,2,0,5,5,5,18,34,19,3,3,6,36,26,8,5,33,2,6,1,8,3,4,9,4,0,20,6,36,4,0,1,13,8,9,3,8,9,4,9,50,40,6,11,3,7,9,7,8,11,29,13,0,4,4,13,5,5,4,5,12,1,13,2,11,5,2,1,3,3,15,7,25,16,0,1,1,4,0,5,2,2,5,11,8,12,6,6,9,10,3,18,11,4,8,4,2,0,0,6,6,5,7,11,1,6,5,14,5,3,1,4,56,3,8,7,7,9,14,2,6,4,1,10,11,11,1,2,0,3,5,11,4,5,34,10,3,3,5,2,3,0,0,6,2,6,8,5,13,23,6,6,12,2,15,0,12,2,7,1,12,9,4,14,2,2,5,6,3,21,5,7,4,9,10,13
1,0,0,0,0,0,1,0,1,3,0,0,0,6,1,1,0,0,0,0,0,7,0,0,0,0,2,1,1,0,0,0,0,0,1,0,3,0,0,1,0,0,0,1,0,0,3,0,0,0,0,1,0,1,0,0,0,1,0,0,3,0,0,1,0,0,1,0,0,0,0,1,1,0,0,1,0,1,1,1,2,0,0,3,2,0,0,0,0,1,1,0,0,0,3,0,0,1,0,0,0,1,0,0,0,0,2,3,0,0,0,8,0,0,1,0,0,14,0,0,0,0,0,1,2,4,0,1,0,0,0,0,0,0,0,0,1,1,0,0,1,2,0,0,1,1,0,2,0,1,0,1,0,0,0,4,0,1,0,0,0,2,0,0,1,0,0,2,0,0,0,2,2,0,0,1,2,1,4,3,0,1,3,0,0,1,0,3,0,2,0,0,2,0,2,1,0,0,1,0
1,0,1,4,1,2,4,0,0,7,0,5,0,0,1,5,8,0,0,1,1,0,1,0,1,1,0,0,1,0,4,0,2,1,2,15,2,1,1,3,0,0,0,0,2,1,0,7,25,1,6,0,5,0,4,1,2,2,0,4,4,2,2,3,0,2,2,6,2,0,2,0,1,1,0,2,1,5,0,2,7,3,1,1,0,1,0,2,0,2,0,0,3,9,0,4,1,0,0,1,2,0,3,1,3,1,0,6,1,0,1,0,1,1,2,2,0,4,1,4,11,0,0,8,9,4,0,3,0,3,0,0,0,1,2,0,1,0,1,6,4,1,1,0,0,2,0,1,4,2,1,1,2,1,7,5,0,0,1,0,1,0,18,2,6,0,0,3,3,5,0,8,5,4,2,3,0,0,0,1,6,0,4,3,0,6,2,0,0,2,0,5,1,2,3,1,2,2,4,2
0,2,1,0,0,3,1,0,0,1,1,2,1,1,2,1,0,0,3,0,0,0,2,0,1,1,0,0,1,0,0,2,6,2,0,0,1,0,4,0,0,0,0,0,2,0,0,2,0,0,2,1,0,1,0,1,0,2,0,0,1,3,0,2,0,0,1,0,2,0,12,4,3,1,0,2,2,1,0,3,3,1,3,0,1,0,2,4,1,0,4,0,1,0,1,0,1,1,0,0,0,1,0,0,3,4,0,0,0,1,1,0,2,1,3,0,1,3,0,1,0,2,0,0,1,2,2,4,0,4,2,1,0,1,1,0,0,0,2,1,1,3,1,1,0,0,1,0,11,0,0,1,0,0,4,3,0,2,0,0,0,2,1,1,1,0,10,1,1,0,2,4,4,0,1,3,2,0,0,3,4,2,1,0,2,0,0,1,0,0,0,0,3,0,3,3,0,2,1,1
2,2,1,4,0,5,0,0,0,2,0,4,3,0,1,3,7,0,2,0,3,0,0,0,7,6,0,1,2,1,0,1,3,1,1,0,0,3,6,1,1,1,1,2,4,0,0,1,3,0,0,0,2,4,0,1,3,2,1,0,3,3,1,2,0,0,2,3,0,2,2,1,1,0,1,1,3,4,1,1,9,2,0,1,2,0,1,3,3,5,2,3,0,1,0,0,2,0,2,0,3,2,0,1,3,1,1,1,2,2,5,0,8,2,2,0,2,17,0,1,2,2,0,1,1,2,3,2,2,1,3,1,1,2,2,1,11,0,1,1,5,1,0,0,0,0,2,1,0,9,1,0,0,1,7,2,3,1,2,0,0,2,0,1,0,2,3,2,0,4,1,1,2,6,6,5,5,2,2,1,1,1,3,3,1,4,0,1,0,0,0,0,1,2,6,3,1,2,4,4
1,1,0,2,1,3,3,4,3,4,1,4,2,1,2,5,2,4,3,4,4,4,6,4,0,2,3,2,4,1,1,21,4,0,2,3,34,3,6,0,2,1,0,2,9,2,3,7,0,0,0,2,7,0,0,5,4,0,1,2,4,2,5,2,4,1,3,3,6,2,11,3,2,6,5,8,3,2,1,10,3,1,0,1,2,0,8,11,4,1,3,2,3,2,2,0,9,1,0,0,5,0,2,6,0,5,0,1,1,5,11,1,6,5,2,13,4,0,0,6,3,0,0,2,5,3,0,2,0,9,1,23,2,1,2,1,12,0,0,3,4,4,5,0,1,1,1,4,0,6,2,3,0,2,3,1,0,1,6,0,4,1,1,0,2,0,2,7,0,3,2,2,6,1,4,2,3,3,38,5,1,0,3,3,2,0,1,19,0,0,0,11,4,5,6,7,5,5,5,2
12,2,13,8,3,8,12,8,7,7,2,10,4,13,12,12,14,14,5,12,4,29,39,4,8,5,8,2,31,2,37,43,38,11,14,4,9,4,13,28,7,16,19,8,21,9,18,16,67,36,23,6,6,15,21,7,10,10,7,8,10,10,14,9,1,3,13,10,12,24,8,12,7,20,6,8,3,13,8,6,13,17,17,12,10,66,7,7,10,23,9,14,11,9,10,6,3,11,12,11,11,12,21,11,24,7,2,2,9,7,7,15,3,11,13,36,1,55,37,20,4,23,8,9,19,7,2,7,4,16,11,6,42,15,10,2,7,15,14,11,11,10,18,31,3,7,20,17,28,20,6,6,12,11,11,5,5,13,7,26,17,11,12,12,10,0,3,6,29,6,4,46,10,9,17,4,11,5,18,5,54,10,11,34,4,11,22,28,34,4,63,16,14,5,13,11,7,2,4,10
0,0,1,1,0,2,0,0,2,3,1,4,0,1,0,0,1,1,3,0,2,3,1,2,2,0,3,0,3,0,0,3,3,1,2,1,7,1,4,0,0,2,0,0,5,0,1,3,1,0,0,0,3,0,2,2,1,1,1,1,0,1,2,1,1,1,1,1,0,0,4,1,2,1,2,2,0,3,0,2,1,1,0,3,0,0,6,6,1,0,2,0,1,0,3,1,0,0,0,1,1,0,0,0,2,1,1,3,1,2,4,1,3,1,1,0,2,0,0,0,0,0,0,1,1,0,1,4,0,2,1,4,0,1,0,0,1,1,0,1,0,5,4,0,1,2,0,2,2,0,0,2,0,0,0,0,2,0,1,1,0,0,0,1,1,0,0,0,0,0,1,0,2,0,0,2,3,4,15,0,0,2,0,0,0,0,1,10,0,1,0,6,2,0,2,0,1,0,10,2
2,0,0,0,0,1,0,4,0,0,0,0,4,4,1,3,1,3,5,5,0,42,3,0,0,2,0,0,3,6,2,7,0,0,3,2,0,0,1,3,0,4,1,1,5,5,2,1,2,3,5,2,1,7,1,8,0,3,5,1,1,1,5,2,0,1,4,2,1,1,1,7,6,5,2,1,1,1,0,1,4,0,0,0,1,3,4,1,0,1,2,0,2,2,1,4,7,2,0,3,2,1,3,7,0,5,3,0,2,4,1,2,0,0,2,10,0,1,0,4,1,0,2,4,4,2,0,0,0,4,3,3,3,1,2,0,0,6,0,4,3,0,11,3,1,0,6,0,1,1,1,0,2,1,0,3,1,4,0,1,1,1,0,0,3,0,9,1,12,1,0,13,3,4,3,2,7,1,2,0,13,0,3,6,1,0,2,20,0,0,5,1,1,0,5,0,0,2,4,0
21,5,24,12,3,25,21,13,10,12,0,9,23,20,36,12,15,10,8,13,18,59,12,7,14,6,2,9,67,8,32,26,32,5,9,15,6,7,10,22,54,19,10,27,35,40,78,14,77,44,33,3,15,15,15,31,11,3,13,17,12,19,15,14,8,8,13,18,24,39,16,51,11,15,5,3,35,8,5,7,15,10,30,8,6,9,12,8,9,31,5,13,9,13,19,21,12,14,2,6,19,6,16,16,2,27,7,2,11,16,2,6,3,4,4,33,6,19,14,9,11,6,18,17,15,10,3,5,3,15,12,8,95,10,9,4,6,8,18,30,27,8,19,37,1,4,33,35,15,10,8,10,1,18,4,4,10,20,32,44,37,10,14,16,14,1,11,19,23,12,7,94,18,34,28,12,8,12,2,17,57,20,13,106,3,27,15,48,23,1,43,4,25,7,38,11,15,6,13,13
3,1,1,5,1,0,3,0,1,5,0,3,0,4,12,2,0,5,2,1,1,0,3,0,0,1,1,1,3,1,9,4,7,1,0,0,0,0,2,1,1,6,0,10,1,0,10,2,0,0,8,6,1,7,1,5,1,2,1,2,7,1,2,4,0,0,2,2,3,1,5,2,4,2,1,1,4,5,0,4,1,1,8,4,0,0,4,3,9,5,0,4,0,1,4,0,9,3,0,1,2,0,2,1,0,1,5,7,1,1,3,1,2,10,2,0,5,0,0,0,0,1,0,5,3,7,1,5,0,1,3,8,5,0,0,2,1,0,0,0,6,0,1,1,1,3,6,0,5,2,0,2,0,0,3,4,0,0,2,3,1,4,1,0,2,0,21,3,2,3,1,14,2,5,2,0,0,4,0,4,1,0,1,5,5,0,0,4,1,1,1,0,0,1,7,0,2,0,7,0
3,1,1,0,0,10,0,6,1,1,1,2,0,2,1,3,2,4,4,0,5,5,2,3,1,0,4,1,0,2,0,4,5,1,3,2,21,4,2,0,0,0,1,0,4,0,3,5,0,0,0,3,2,1,0,5,1,1,2,1,3,7,1,2,5,0,4,1,4,1,11,1,1,2,9,1,2,1,1,3,4,1,0,1,2,0,11,7,5,1,2,0,0,0,0,0,0,1,0,0,1,2,0,1,1,1,2,5,0,2,8,1,49,5,0,1,3,3,0,1,1,0,0,3,4,2,1,2,0,6,1,7,3,4,1,3,6,0,1,1,1,2,1,0,0,2,2,3,0,13,4,0,0,0,1,2,2,1,0,0,0,0,0,0,0,0,0,2,0,2,1,0,3,1,2,3,0,2,7,2,2,14,3,13,2,0,1,0,0,0,0,29,2,7,5,2,0,1,4,1
6,12,1,4,0,3,1,3,4,7,9,8,3,20,6,5,8,6,7,1,8,8,2,0,0,15,4,11,7,18,12,2,18,1,4,11,5,1,15,1,11,7,10,0,7,2,9,11,0,7,14,5,20,8,0,7,4,9,12,5,14,13,8,1,2,0,17,10,4,11,1,10,7,5,4,20,7,6,5,5,213,11,2,1,3,1,6,20,13,16,8,2,0,11,4,2,17,3,15,0,8,13,2,7,1,10,6,11,5,7,13,1,6,5,5,0,10,130,0,2,0,2,4,9,9,10,1,23,7,5,6,6,15,1,8,21,4,0,0,2,16,6,10,1,6,5,2,27,3,44,0,1,4,3,7,20,5,10,12,2,8,2,3,4,1,1,19,5,0,8,3,10,6,6,15,2,21,3,3,5,9,2,3,0,10,3,1,21,0,7,0,4,7,9,13,7,7,3,8,11
19,7,19,4,32,2,5,9,2,3,0,5,0,2,0,1,2,3,5,0,9,2,75,0,1,0,0,0,5,0,0,0,23,24,0,2,48,3,13,17,0,3,0,0,25,0,0,17,35,30,0,8,1,0,0,0,20,19,10,12,8,4,5,4,0,0,3,12,2,4,0,11,1,2,1,6,0,23,2,0,1,5,0,5,3,2,5,8,11,16,0,0,11,10,1,2,0,17,0,6,1,6,1,9,23,5,1,8,1,18,1,13,9,15,4,27,13,0,54,4,34,0,0,2,2,8,0,0,0,4,2,2,12,9,0,0,0,0,2,0,22,12,8,0,7,17,2,0,2,0,12,0,11,1,6,0,18,3,0,5,0,2,4,4,1,0,0,5,3,6,0,5,2,0,0,4,1,7,0,0,21,1,3,12,10,11,6,1,2,1,3,233,4,9,0,5,2,4,17,7
11,1,4,9,11,3,11,5,5,8,3,2,0,6,12,7,11,10,2,2,0,109,64,12,7,2,0,5,11,1,15,53,41,5,3,17,32,9,13,3,25,11,13,0,22,9,9,18,21,9,8,3,22,1,11,4,3,9,5,7,8,11,10,15,6,66,3,7,8,13,3,6,6,6,9,6,2,12,3,3,2,14,9,1,21,30,11,5,12,8,6,8,10,11,11,4,5,18,2,2,2,4,2,9,6,1,2,0,11,8,4,18,5,2,3,31,13,0,18,15,8,0,7,6,12,2,6,3,1,10,11,3,10,1,3,11,1,13,8,4,7,13,11,9,7,5,13,0,16,4,4,7,7,4,5,4,3,5,8,11,7,7,11,7,12,0,0,3,22,1,6,14,3,4,12,2,4,6,4,7,90,7,10,23,10,14,11,21,5,24,6,2,9,4,8,8,5,7,13,7
0,0,0,0,0,0,0,0,0,0,0,0,0,0,0,0,0,0,0,0,2,2,0,0,0,0,0,0,0,0,0,0,0,0,0,1,3,0,0,0,0,0,0,0,0,0,0,0,0,0,0,0,0,0,0,0,0,0,0,0,0,0,0,0,0,0,2,0,0,0,0,0,0,0,0,1,0,0,0,0,0,0,0,0,0,0,0,0,0,0,0,1,0,0,0,0,0,1,0,0,0,1,0,1,0,0,0,2,0,1,0,1,0,0,0,0,0,0,0,1,0,0,0,0,0,0,0,0,0,0,1,0,0,0,0,0,0,0,0,0,0,1,0,0,0,0,0,0,0,0,0,0,0,0,0,0,0,0,0,0,0,0,0,0,0,0,0,0,0,0,0,0,0,0,1,1,0,0,0,1,0,0,0,0,0,0,0,0,0,0,0,0,0,0,0,0,0,1,5,0
2,1,0,0,0,3,1,0,2,1,0,5,2,1,1,0,1,1,9,0,2,4,3,0,2,7,0,3,1,0,2,6,5,3,2,3,22,6,1,0,5,2,0,0,11,0,1,3,0,0,1,4,5,0,0,3,5,2,1,4,2,4,1,1,1,0,1,1,1,0,5,1,5,0,0,3,1,2,1,0,2,1,0,1,2,0,7,5,4,1,1,1,5,0,1,0,5,0,0,0,1,1,0,0,4,4,0,5,2,4,10,4,0,3,2,6,4,0,0,0,0,1,0,3,2,1,2,1,0,3,0,4,1,2,3,2,17,6,0,1,2,6,5,0,1,2,2,2,0,2,2,2,0,0,1,1,7,0,4,0,0,1,0,0,1,0,0,1,0,1,4,2,4,1,0,3,4,3,5,1,2,1,3,2,1,0,6,0,3,0,2,7,1,0,1,3,2,1,5,0
8,6,22,12,1,13,24,9,14,12,6,6,31,10,0,9,14,14,2,20,4,6,21,0,17,18,4,13,14,4,28,21,19,8,6,2,5,4,9,23,24,12,31,7,21,12,15,17,29,19,7,10,67,38,28,3,13,10,14,15,9,13,16,10,2,2,8,11,7,18,5,20,6,10,8,13,8,11,12,13,389,13,4,8,9,1,1,6,14,30,8,22,6,19,21,9,7,11,42,19,14,16,13,11,3,26,6,4,5,8,1,10,6,15,7,8,5,134,5,5,5,27,6,22,14,9,20,26,45,18,12,20,38,10,16,28,9,11,30,6,17,6,26,13,5,2,17,17,29,60,3,6,33,34,12,16,10,9,16,24,20,9,5,12,3,38,0,10,40,11,12,32,26,26,45,12,21,6,34,21,30,17,9,9,5,25,12,35,1,9,3,2,12,18,24,7,16,9,10,3
1,1,3,4,0,1,3,4,4,1,1,0,0,1,1,1,2,0,0,2,1,4,3,1,0,1,19,0,8,3,1,17,4,1,0,2,1,0,0,3,0,1,14,1,2,2,0,2,3,3,3,0,1,1,1,1,2,1,3,1,2,0,2,5,10,0,1,3,6,3,5,2,1,0,52,0,5,2,4,1,0,2,2,0,2,0,0,3,0,2,1,3,1,1,4,0,2,2,1,0,1,1,1,1,1,0,1,3,2,1,5,2,0,4,0,13,1,0,4,1,2,0,1,14,2,0,0,0,0,4,2,4,4,5,2,2,1,0,1,8,2,6,2,0,0,2,0,1,1,1,1,1,0,3,0,4,1,5,0,5,2,3,0,1,1,0,0,0,1,4,2,5,2,10,8,0,1,0,1,1,34,3,1,0,0,1,6,0,0,0,0,1,2,0,2,0,4,4,4,1
11,10,11,30,5,7,17,5,9,14,12,3,10,19,27,6,11,8,2,12,3,11,14,5,10,12,9,11,16,9,31,23,12,7,7,4,12,7,6,7,13,14,14,11,17,14,21,10,26,13,24,5,10,17,4,5,15,8,8,10,6,15,14,16,5,17,6,12,9,10,5,13,10,6,20,12,10,9,32,11,20,11,12,9,11,0,13,5,7,15,3,8,5,6,11,9,16,7,6,7,10,6,12,8,7,14,16,4,4,7,1,7,2,10,7,4,3,72,8,8,9,20,6,15,12,17,29,7,10,11,7,3,32,3,4,3,6,7,9,15,6,18,26,11,90,7,8,24,26,39,2,9,32,16,5,15,3,10,10,7,12,3,6,9,6,10,4,5,22,9,7,28,15,29,27,7,12,7,11,12,28,9,4,10,6,16,5,16,7,13,2,16,13,9,17,5,8,6,9,12
0,5,0,0,1,1,1,4,0,4,0,1,0,2,3,3,1,4,3,1,2,14,15,3,2,3,0,2,5,0,3,5,12,2,6,13,0,0,2,9,0,0,3,6,3,4,1,0,4,2,3,2,5,0,3,0,2,4,4,3,1,6,3,3,1,3,1,1,1,1,0,3,0,2,1,2,0,6,0,0,3,4,1,1,5,12,2,0,3,4,2,2,2,1,3,1,1,5,0,2,1,4,6,5,6,3,1,1,1,2,0,2,1,0,60,9,6,0,3,2,0,2,1,2,1,2,1,1,1,3,3,2,9,2,0,0,1,7,3,4,4,5,1,2,0,1,3,2,6,1,0,3,4,2,2,2,1,3,0,3,7,2,1,3,1,0,0,2,2,4,1,10,7,2,7,5,4,5,1,1,10,0,3,7,7,1,11,0,1,2,2,0,2,1,1,0,0,1,7,1
1,1,2,1,2,1,2,1,1,2,2,3,0,1,2,9,3,1,3,2,1,6,3,1,5,2,0,4,6,0,3,8,1,1,0,0,9,2,2,1,0,1,3,11,1,11,7,1,5,6,8,2,2,1,1,0,2,0,1,2,1,2,0,2,1,0,3,2,1,4,1,2,1,2,0,3,4,2,1,4,3,3,12,0,0,3,2,3,2,3,1,1,6,1,3,3,15,4,0,1,4,2,2,3,4,1,0,2,0,1,3,1,0,2,1,2,3,0,4,1,4,2,2,4,3,1,0,0,0,3,0,2,8,1,0,1,8,0,0,8,1,2,1,2,2,1,0,0,2,1,2,0,0,0,1,1,1,1,0,8,2,3,1,3,3,0,0,1,1,1,7,3,1,3,5,1,4,0,2,1,10,0,4,5,2,2,6,3,0,1,5,0,3,3,8,0,2,0,2,1
8,5,3,11,0,9,6,1,6,11,0,13,2,3,15,10,4,9,15,3,12,0,3,0,14,13,1,3,3,4,0,1,16,3,1,2,2,7,7,1,2,3,2,1,7,0,0,13,1,0,4,5,2,10,1,8,10,5,4,3,6,14,4,13,2,0,11,7,1,5,42,12,7,10,1,3,6,9,6,21,20,18,6,3,5,0,5,21,4,4,5,2,4,9,13,2,8,5,0,1,6,5,2,6,7,10,11,8,1,6,11,0,4,13,1,1,8,32,0,4,5,1,2,5,11,5,5,6,10,14,6,5,4,4,1,2,2,1,4,6,5,7,7,1,2,6,6,2,19,10,1,7,0,5,23,9,2,6,4,2,2,4,2,0,1,0,39,4,2,8,3,19,10,8,23,6,6,14,5,22,0,9,8,9,4,1,2,4,1,9,3,2,7,8,16,2,2,7,9,7
6,5,1,5,0,1,4,3,4,5,1,3,2,18,2,6,3,4,5,5,6,7,4,0,2,3,0,12,12,3,4,3,8,6,2,1,0,3,5,0,0,3,0,2,4,3,5,4,10,5,4,3,10,4,3,3,8,2,5,3,6,1,5,8,2,0,7,8,2,16,0,10,4,4,2,6,0,10,0,1,110,5,1,6,2,1,1,5,4,9,6,6,3,7,6,0,2,1,15,0,3,4,1,6,0,3,10,2,1,2,2,0,4,11,5,2,0,11,0,2,3,5,1,7,5,3,1,33,9,3,1,3,6,4,3,0,2,1,4,3,4,2,2,1,1,39,3,9,7,3,1,3,9,2,0,13,2,5,2,1,2,5,9,1,5,2,1,4,6,9,8,11,5,10,18,3,7,3,5,5,6,1,1,1,4,1,0,5,0,31,4,0,11,0,7,1,6,2,3,5
0,0,5,3,1,0,1,4,0,0,7,7,1,0,1,0,3,2,0,0,3,2,2,0,0,1,1,2,0,0,0,1,1,1,1,6,0,1,3,11,2,0,0,0,2,0,0,0,1,0,0,0,11,0,0,2,4,0,1,1,0,3,1,0,3,2,0,2,1,2,1,0,3,1,1,0,0,4,0,0,2,1,0,1,0,0,1,3,1,0,2,0,1,0,0,2,0,5,0,6,4,2,0,1,2,2,4,0,0,0,0,0,1,0,0,3,0,1,1,2,0,0,0,2,13,1,0,0,0,2,1,2,7,2,0,0,2,0,0,0,3,2,2,0,1,1,0,19,3,0,3,1,0,0,2,1,4,1,1,0,0,1,0,1,0,0,0,1,4,7,0,4,0,2,0,1,0,1,0,0,2,0,1,0,3,3,2,3,0,0,0,55,0,1,1,3,2,0,2,0
3,2,1,2,1,2,0,0,1,2,0,0,3,2,0,1,5,1,4,1,2,0,3,0,0,0,1,0,1,0,0,5,1,0,4,5,2,0,2,1,5,0,0,0,2,1,0,0,6,0,1,1,0,1,0,1,1,4,1,1,3,0,1,5,0,1,3,1,2,0,1,1,4,0,0,2,1,8,0,2,1,0,4,0,2,0,3,2,2,0,0,0,2,0,3,0,2,0,0,2,1,1,1,1,5,3,1,0,2,4,0,0,5,3,1,2,5,0,0,3,3,0,0,0,3,1,1,2,0,3,0,24,1,0,0,0,5,0,2,2,1,3,2,0,0,4,0,1,3,2,0,1,0,4,11,10,3,0,1,1,0,3,5,0,1,0,23,1,0,2,0,3,2,0,0,1,5,5,43,5,0,1,1,0,1,2,0,4,0,4,6,2,4,1,5,2,1,1,2,1
3,4,7,6,0,5,1,5,1,6,3,0,11,15,6,5,3,4,10,3,5,16,7,6,1,5,0,0,11,4,2,12,3,6,3,1,11,4,8,8,1,6,3,5,8,9,16,7,3,3,6,3,5,3,3,6,1,4,3,3,6,4,5,9,6,1,7,3,3,2,6,4,4,3,2,2,6,2,6,3,1,1,24,8,3,0,6,15,5,3,1,0,7,5,5,9,3,0,0,11,4,2,1,4,11,5,6,5,3,12,2,4,1,8,1,0,2,1,1,0,7,0,2,10,5,2,2,3,2,4,4,5,2,0,2,8,10,0,2,5,7,5,2,2,1,4,4,6,12,5,1,9,0,2,2,10,3,1,7,1,0,2,2,1,9,0,11,5,4,5,5,9,11,1,8,5,6,4,2,9,5,1,5,4,1,1,1,5,0,8,0,3,6,4,14,5,3,5,7,2
2,3,2,11,14,3,2,3,2,13,1,2,7,9,1,2,2,4,13,1,14,19,4,17,3,0,9,6,6,5,15,52,3,13,6,2,27,1,0,3,4,6,11,0,6,1,1,4,19,0,9,6,4,2,1,6,6,6,3,5,5,5,2,3,24,18,6,8,4,4,9,5,4,10,21,6,3,16,5,1,17,7,6,3,6,1,8,5,3,0,2,0,6,2,14,1,5,4,1,0,6,10,1,8,5,2,1,7,2,4,9,8,15,2,4,31,3,22,15,41,1,0,0,11,6,4,3,5,1,1,3,11,7,0,2,10,19,0,5,0,2,2,12,1,5,4,4,6,3,5,4,12,0,4,4,10,10,6,4,0,1,0,2,2,6,0,1,4,1,5,1,2,6,0,2,5,6,7,3,7,51,16,2,6,2,62,22,6,1,2,6,45,4,5,6,3,4,5,8,4
2,0,0,0,1,0,1,0,0,1,0,0,1,1,0,0,0,0,0,0,0,0,1,1,1,1,0,0,0,2,0,0,6,2,0,3,0,0,2,1,0,0,0,0,0,0,1,0,0,0,0,0,2,2,1,1,1,3,0,0,1,0,0,2,2,0,0,2,1,1,0,1,0,1,0,0,0,0,1,0,2,2,0,0,0,0,1,4,2,1,1,0,1,0,0,0,2,1,1,0,0,0,0,0,1,1,1,2,1,0,1,3,1,2,1,0,3,16,0,2,0,0,0,1,0,1,0,0,0,0,0,0,2,0,5,3,1,0,1,0,2,1,0,0,0,3,0,0,2,2,1,0,0,0,1,0,2,1,0,0,2,0,1,1,0,0,1,0,4,6,2,1,0,1,1,1,1,0,0,3,0,2,0,0,0,0,0,1,0,1,0,29,2,0,0,5,1,1,1,4
0,0,1,0,2,0,1,0,0,0,0,0,4,3,0,0,0,3,0,2,0,0,0,0,1,0,2,0,0,0,1,0,0,0,0,0,1,0,0,0,4,3,0,0,0,0,0,0,0,0,1,1,2,1,1,0,0,0,0,0,0,1,0,1,1,3,1,0,0,0,5,1,0,0,2,1,0,1,0,1,34,1,3,0,2,0,0,1,1,3,1,0,0,1,3,0,2,0,0,2,0,0,0,0,1,0,1,0,0,1,0,0,0,0,1,0,0,9,0,0,1,5,0,2,0,0,0,8,1,0,0,0,0,0,1,0,0,0,0,0,0,4,0,0,0,1,0,0,0,4,1,1,0,0,0,2,0,0,3,0,0,0,1,0,0,0,0,0,0,0,0,0,1,0,1,0,1,0,3,0,0,2,6,0,2,1,0,0,0,1,0,2,0,0,0,3,0,0,0,2
2,2,1,1,0,5,1,4,5,1,0,3,1,1,3,2,0,3,2,0,0,35,19,7,2,0,1,4,2,1,1,7,3,2,2,8,1,1,3,5,0,2,2,0,1,0,3,2,2,4,2,3,18,0,0,0,3,1,3,6,4,1,4,2,0,1,5,6,0,0,7,4,6,0,4,1,4,1,0,4,4,1,3,6,1,6,1,0,0,4,1,3,4,2,2,3,9,3,1,2,2,4,2,2,1,2,0,1,3,0,1,10,1,4,1,13,0,0,10,4,0,1,0,2,1,3,1,0,0,1,1,4,5,1,1,4,2,7,0,2,0,1,4,1,1,1,1,2,3,3,1,1,0,1,0,5,2,2,0,1,11,0,1,2,3,0,1,2,1,7,0,10,6,6,2,3,1,1,1,6,0,6,0,1,1,0,2,4,1,0,0,2,3,3,5,1,2,6,4,1
3,2,1,16,0,4,0,3,3,4,0,7,3,4,73,3,5,5,2,2,2,14,1,0,0,1,2,7,9,6,8,26,3,5,4,0,18,0,6,12,1,2,3,11,10,7,25,3,2,1,1,3,0,7,0,48,5,2,6,3,3,5,1,2,0,0,4,6,4,1,10,6,9,1,2,9,10,9,3,3,0,3,10,3,5,0,6,0,3,8,2,2,0,10,16,19,4,0,0,0,4,5,0,4,0,5,4,1,4,5,0,1,3,1,1,1,4,2,0,3,0,0,1,20,14,2,1,2,0,4,3,4,17,0,0,1,2,4,5,0,20,7,6,0,1,1,5,2,1,8,7,6,0,5,0,6,0,5,1,3,1,5,0,2,11,0,0,2,9,8,0,11,5,1,4,4,9,4,5,6,0,4,2,4,4,4,3,13,0,2,3,2,2,0,12,4,7,2,1,3
13,6,13,24,11,8,5,15,7,8,13,5,9,10,49,9,5,11,9,7,11,96,25,20,2,3,1,5,13,14,35,37,16,14,17,19,22,13,10,10,4,10,16,24,26,57,76,18,18,6,26,7,8,9,13,5,5,13,10,5,7,15,17,6,12,12,7,10,4,9,16,20,17,5,17,9,17,11,3,6,2,19,37,4,11,42,7,5,9,9,4,6,3,4,18,11,11,19,3,10,6,10,17,17,1,8,10,4,8,6,2,6,6,24,1,29,4,4,1,10,8,0,6,25,9,6,1,4,1,7,26,4,79,9,4,6,6,18,16,24,14,6,13,10,6,14,13,4,15,4,7,9,2,15,2,5,8,10,5,20,62,7,2,5,17,1,9,13,8,8,3,29,22,15,36,13,9,4,12,14,93,15,13,37,7,3,10,48,12,1,5,4,10,7,30,14,6,3,16,6
9,6,6,6,1,15,13,8,7,14,17,3,2,13,26,9,14,5,5,11,8,10,7,3,14,13,7,1,11,2,32,12,12,8,6,4,14,3,6,11,7,29,2,23,9,13,114,13,17,20,18,6,3,22,7,37,5,5,11,9,9,6,6,8,0,1,10,12,8,23,10,16,7,14,2,6,6,6,2,3,2,9,41,6,15,3,2,1,3,6,3,12,3,7,9,2,14,12,1,3,1,9,13,5,2,9,2,6,8,7,9,4,3,14,0,17,6,4,0,7,10,1,11,4,13,4,7,2,1,2,17,2,20,3,12,3,5,2,6,8,9,2,7,3,3,10,6,2,15,12,9,7,2,5,7,10,1,17,5,8,12,7,6,8,12,1,8,4,7,6,4,68,8,12,18,7,11,2,4,20,25,1,3,38,4,4,2,27,7,4,6,4,5,11,31,4,4,13,9,3
5,0,5,10,2,5,5,0,2,7,4,2,1,7,9,3,2,1,5,0,3,6,0,3,1,0,10,3,3,3,0,1,3,5,0,8,9,2,5,2,0,4,0,0,4,4,2,3,11,0,0,6,8,1,0,1,0,2,2,2,3,4,6,2,10,6,3,0,5,3,7,1,1,3,3,2,0,4,0,3,1,3,1,7,2,0,8,9,6,5,1,3,5,6,4,4,1,1,0,16,4,3,8,3,5,1,1,2,0,5,1,2,7,3,1,4,11,0,0,1,8,0,2,18,5,5,2,2,0,3,0,2,1,0,1,3,0,0,1,2,9,5,2,0,3,5,3,2,20,2,1,1,1,0,2,8,5,0,0,3,0,2,9,2,1,0,5,2,7,2,11,4,1,3,4,5,3,8,6,1,3,0,10,13,0,5,1,2,0,0,4,59,2,5,4,4,6,3,7,3
3,0,1,8,0,3,2,1,1,1,0,7,3,1,4,0,1,1,2,0,3,0,1,0,0,0,2,2,1,3,2,1,1,2,0,0,2,0,1,0,0,0,0,8,0,1,10,3,1,0,2,3,0,4,0,8,0,2,1,0,1,0,0,2,0,0,3,4,2,2,4,0,0,1,3,1,1,1,1,3,2,2,0,2,0,0,0,2,0,3,0,0,0,0,0,2,0,1,2,2,5,0,1,1,4,0,1,3,0,0,0,3,1,2,0,0,2,24,0,4,0,2,1,3,0,4,0,0,0,0,2,2,0,0,2,0,0,0,3,1,1,6,1,0,1,2,0,1,2,3,3,1,0,0,5,3,0,0,0,0,0,2,0,0,0,0,5,0,1,2,0,1,1,3,1,1,2,0,0,3,1,1,2,3,2,0,0,10,0,0,0,15,1,0,7,0,0,0,0,2
41,14,18,31,11,18,34,11,23,24,4,12,88,22,13,23,23,12,23,25,12,15,16,3,20,15,30,38,71,15,52,18,29,6,4,16,23,15,25,6,30,24,30,5,32,24,48,33,49,62,64,20,79,43,23,18,29,3,25,16,16,26,14,37,4,17,20,20,18,28,23,50,14,16,20,18,25,25,20,12,691,35,7,8,17,3,11,6,21,57,20,46,6,28,57,14,26,15,89,8,29,16,5,20,12,27,14,12,9,35,12,12,6,11,5,26,8,229,12,15,21,35,24,28,25,18,35,61,93,30,13,14,85,14,21,24,19,9,26,12,23,13,44,5,14,9,31,33,24,73,3,20,42,31,22,11,6,33,17,40,69,13,9,24,8,34,6,21,26,32,29,94,33,55,63,7,47,13,34,60,56,17,20,18,17,64,18,49,10,9,6,29,18,17,47,9,11,15,31,19
1,5,3,2,0,2,4,1,0,1,6,5,1,2,2,0,1,5,0,1,3,21,10,0,1,2,1,0,7,1,5,20,13,1,1,5,1,1,2,32,6,3,2,1,5,3,2,2,34,17,2,3,0,4,3,2,3,4,4,2,0,3,4,1,2,2,1,2,4,4,0,4,3,1,3,0,1,3,1,3,3,3,3,2,3,6,2,2,0,4,5,2,4,4,0,7,3,1,0,2,0,2,3,1,2,2,1,0,5,1,0,3,2,2,1,8,5,0,3,9,2,0,0,2,1,2,1,0,2,2,13,1,6,5,1,0,4,4,3,0,6,3,1,6,4,3,2,1,2,5,0,6,4,1,1,4,1,0,6,3,10,6,4,4,1,0,0,1,9,1,0,6,3,3,5,1,5,2,1,0,14,4,0,4,3,0,3,2,9,4,0,0,2,0,4,2,1,0,2,4
1,2,2,3,0,0,2,0,0,2,0,1,2,2,0,1,0,1,0,0,0,0,0,0,0,1,4,0,0,0,0,0,0,0,0,0,1,0,2,0,0,0,0,0,0,0,0,1,1,0,0,1,5,5,0,0,0,0,0,0,0,0,1,4,1,0,0,0,0,0,0,4,0,0,0,1,0,0,1,2,19,0,0,0,1,0,1,1,0,6,5,1,1,2,0,0,0,0,3,0,1,0,1,1,1,2,0,2,1,3,0,0,0,1,0,0,0,10,0,0,0,1,0,0,0,3,1,2,3,0,0,0,0,2,0,0,1,0,2,1,0,0,0,3,0,0,0,0,0,3,0,0,0,2,0,2,1,1,0,0,0,1,0,0,0,0,0,0,1,1,0,3,0,1,2,0,1,0,0,2,0,0,0,0,0,2,0,1,0,0,0,5,0,3,2,0,1,0,0,2
0,2,5,0,0,1,7,7,6,4,6,2,3,5,12,9,3,8,3,5,2,12,21,5,3,3,3,1,9,0,7,16,9,5,3,5,6,9,4,14,15,17,8,4,11,25,43,2,16,8,10,1,5,5,7,1,2,5,3,1,3,2,3,4,9,6,7,2,7,5,7,6,6,2,7,0,7,3,2,3,6,10,46,0,3,8,1,0,3,10,1,5,4,4,8,0,6,6,0,1,4,2,3,6,4,3,1,0,3,2,2,16,1,3,7,5,3,0,4,3,4,0,6,2,1,3,1,1,0,2,10,4,16,2,2,3,4,4,6,5,3,3,5,8,0,1,4,2,8,5,0,5,1,4,3,1,0,4,13,4,4,2,3,3,3,0,4,6,5,0,2,17,3,9,12,5,3,7,5,2,21,3,6,9,6,6,0,15,8,3,1,0,5,1,7,1,2,0,2,2
2,4,0,0,0,6,3,5,3,7,5,0,1,4,1,10,1,3,10,1,18,5,1,1,3,8,0,6,1,1,8,11,4,2,1,2,54,11,6,0,4,0,2,0,2,3,2,5,3,0,4,1,14,2,0,11,1,3,2,5,7,16,3,7,4,3,2,10,4,6,3,3,5,5,1,7,0,5,2,3,0,10,7,6,4,0,11,7,3,4,0,9,2,5,8,1,38,2,0,1,4,7,0,3,4,3,3,1,1,2,5,1,7,5,7,9,5,0,4,1,1,0,1,0,4,0,5,2,2,3,1,16,2,0,21,3,28,4,3,2,7,3,15,2,8,6,1,1,4,2,1,2,0,0,0,9,6,1,6,8,0,3,4,1,2,0,0,3,1,0,5,2,6,84,14,3,3,0,6,2,1,0,6,2,4,1,1,9,0,4,2,0,3,6,19,5,3,9,8,11
2,1,1,1,1,1,1,0,1,0,2,1,0,1,1,1,1,0,0,1,0,1,2,2,0,1,0,2,0,0,2,5,1,0,0,0,3,0,0,4,0,2,0,0,7,2,1,0,5,0,5,1,1,0,4,0,2,0,0,1,0,1,0,3,1,1,1,1,2,0,0,0,1,1,0,0,0,0,0,0,0,4,3,1,0,0,0,1,1,1,1,1,1,0,3,0,1,0,0,0,0,1,1,0,4,0,2,1,2,2,0,0,1,6,0,4,1,0,1,0,2,0,1,0,0,0,0,0,1,1,0,1,0,0,4,1,12,0,2,2,1,2,1,0,0,9,0,0,0,1,1,0,0,0,0,0,0,0,0,0,0,4,1,0,1,0,0,1,0,0,1,1,0,6,7,0,5,1,11,0,2,0,2,1,0,1,0,1,0,0,0,1,0,0,3,0,0,1,1,1
1,1,0,0,0,0,0,1,0,0,0,0,0,0,0,0,0,0,0,0,1,0,0,0,1,0,0,0,0,0,0,0,1,3,0,0,0,0,0,0,0,0,0,0,0,0,0,0,0,0,0,0,2,0,0,0,0,0,0,0,0,0,0,0,0,0,0,0,0,0,0,0,1,0,0,0,0,0,0,0,0,0,0,0,0,0,0,0,1,0,0,0,1,0,0,0,3,0,0,0,0,0,0,0,1,1,0,0,0,0,0,0,0,0,2,0,1,0,0,0,0,0,0,0,0,0,4,0,0,0,0,0,0,0,1,0,6,0,0,0,0,1,0,0,0,1,0,1,0,0,0,1,1,0,0,0,0,0,0,0,0,0,0,0,0,0,0,0,0,0,0,0,1,0,0,0,0,0,3,0,0,0,0,0,0,0,0,0,0,0,0,0,0,0,0,0,0,0,0,0
0,4,0,0,0,2,0,2,1,0,0,2,4,0,0,1,1,2,1,0,2,0,1,0,3,0,0,1,0,0,0,0,3,0,2,0,3,2,0,0,1,0,1,2,1,0,0,1,0,0,0,1,2,0,0,6,2,1,2,0,4,2,4,0,0,0,2,3,1,0,9,0,2,3,1,0,1,0,4,1,1,0,0,2,0,0,2,5,4,0,3,0,0,0,0,0,0,0,0,0,0,3,0,3,0,0,3,1,1,3,1,0,5,1,0,0,0,0,0,3,0,0,7,2,1,0,0,1,0,3,2,12,1,0,0,0,2,1,0,1,2,1,2,0,0,3,0,2,0,4,0,0,0,1,1,5,2,0,2,0,0,1,1,1,0,0,0,3,1,1,3,0,3,1,0,0,1,2,4,0,1,0,0,1,0,0,1,0,0,0,0,31,2,4,3,3,2,0,2,1
20,7,7,10,3,15,15,10,14,6,2,8,22,15,15,19,15,8,14,12,9,32,3,6,7,10,21,4,23,10,18,7,12,11,11,5,13,5,18,15,22,26,19,10,26,26,45,20,14,14,20,10,16,46,12,20,16,9,11,18,8,13,11,11,3,7,5,9,12,24,15,24,11,8,4,8,5,13,7,21,176,29,17,6,8,5,2,2,11,25,27,10,6,15,21,10,21,18,104,8,10,7,3,8,7,11,3,4,6,10,5,16,4,10,7,6,4,200,1,7,9,32,7,8,14,8,22,18,17,12,13,18,41,6,11,9,7,7,11,12,8,10,20,6,4,9,8,46,10,27,2,8,37,12,8,11,8,7,9,27,30,5,6,10,8,44,9,13,12,14,7,39,11,16,34,8,19,2,16,46,27,20,7,17,6,6,8,39,15,6,2,3,16,11,31,12,11,7,23,8
1,1,1,0,0,0,1,1,1,2,0,2,1,5,0,0,0,3,7,0,1,1,3,0,0,4,3,2,1,3,1,0,6,4,1,1,6,2,0,0,0,2,0,0,1,2,1,0,0,0,2,3,0,0,0,0,1,0,1,3,2,3,1,3,0,0,1,1,2,0,2,1,2,5,0,4,1,5,3,1,3,2,6,5,1,0,0,6,9,1,3,0,1,0,0,3,1,0,0,1,3,4,0,2,2,2,9,3,1,6,2,3,1,4,3,0,6,0,0,0,2,0,0,3,2,3,1,2,0,4,1,1,0,0,5,2,1,0,0,1,2,3,3,1,1,3,0,12,0,1,2,1,0,2,0,6,1,1,0,0,0,4,11,1,2,0,0,0,1,0,0,3,1,1,0,1,1,10,1,3,0,0,8,7,2,0,0,2,0,3,0,2,4,2,3,1,7,2,1,0
19,10,10,19,7,8,24,7,21,14,3,5,24,20,27,9,12,9,5,19,6,5,3,0,14,9,19,10,11,8,9,11,13,12,4,15,7,11,13,8,22,9,15,3,17,2,24,4,10,4,3,4,18,26,4,9,13,11,10,17,15,9,15,8,8,12,19,12,18,15,6,38,9,23,15,8,6,3,10,9,304,11,6,4,4,2,8,8,6,10,15,9,8,13,10,10,5,17,33,5,11,6,3,5,9,14,10,12,9,9,6,4,5,5,2,7,4,234,0,11,8,14,3,29,14,11,9,77,15,2,6,11,15,0,5,10,9,6,8,3,21,2,7,7,3,8,12,24,3,23,7,5,23,2,6,14,11,25,17,12,5,10,8,10,7,20,2,9,15,13,11,31,18,15,14,4,20,3,6,5,56,10,12,12,3,6,5,25,6,5,4,34,13,20,23,8,15,8,22,5
0,1,3,2,2,1,2,3,3,3,3,0,1,4,0,2,2,0,4,1,0,12,0,0,0,0,2,2,1,2,7,1,1,1,0,0,2,4,2,0,0,1,0,0,3,1,1,0,1,1,5,1,0,2,0,0,5,1,0,4,1,3,4,2,0,0,5,4,0,0,1,2,3,0,1,3,2,2,1,0,0,2,0,5,3,0,1,8,1,1,2,0,6,2,2,4,2,3,0,0,3,1,0,2,5,5,1,4,1,2,0,1,0,1,0,1,0,4,0,1,0,0,0,1,2,4,1,0,0,1,0,3,2,0,1,1,8,0,0,0,0,2,0,0,19,5,1,8,12,5,0,0,0,1,0,2,1,6,0,0,0,3,0,0,2,0,2,5,1,1,0,0,2,2,0,4,4,3,8,8,2,0,0,1,2,3,1,9,0,0,0,0,9,0,1,1,2,2,4,2
2,0,2,1,0,0,5,0,1,2,0,0,2,1,1,1,2,0,0,1,2,1,3,0,4,2,0,2,0,0,5,14,1,0,3,1,0,3,1,2,0,1,9,0,0,15,2,3,10,3,6,0,5,6,11,0,0,1,0,3,1,1,2,1,0,1,1,0,1,3,1,1,3,5,0,3,0,4,5,0,62,3,0,0,0,0,1,3,0,2,0,1,7,4,2,2,0,1,0,0,0,3,17,4,1,0,0,3,0,6,0,1,2,0,0,4,0,17,11,3,3,0,0,1,2,1,1,14,7,2,0,0,2,2,2,0,4,2,1,1,0,2,1,7,0,0,1,3,1,0,8,3,30,7,2,0,3,3,0,0,0,1,2,0,0,11,0,0,0,3,2,12,2,4,20,1,3,3,0,0,0,1,0,3,1,13,1,2,1,0,0,0,2,2,0,0,2,1,4,0
9,4,8,12,4,10,8,12,5,12,8,5,9,3,81,7,9,10,6,4,3,117,81,4,10,9,6,11,13,9,12,60,14,5,14,1,16,4,10,20,16,8,6,2,12,31,24,10,39,25,6,13,3,26,29,1,5,5,10,11,7,10,4,10,6,16,4,6,9,11,8,6,13,7,5,1,31,9,2,11,3,10,13,10,7,38,9,4,5,2,3,7,11,9,11,3,9,14,7,9,12,6,23,6,16,10,1,1,7,10,1,22,7,5,6,24,8,0,12,15,7,2,7,15,14,5,4,5,7,14,22,6,11,13,5,6,1,27,10,23,23,12,19,18,3,5,10,5,27,11,6,5,0,9,14,1,5,7,7,2,6,4,5,12,4,0,4,8,21,3,2,33,12,6,28,6,11,8,17,15,93,10,8,9,7,9,15,115,14,3,5,4,5,5,9,6,7,2,22,7
0,2,0,1,1,0,0,3,0,1,0,1,0,2,1,0,0,0,0,0,2,5,9,2,0,0,0,0,0,1,0,5,1,1,0,0,4,1,0,0,0,0,0,0,2,0,0,0,0,0,1,0,0,0,0,0,1,1,0,0,2,2,1,0,0,0,2,0,0,0,1,0,0,1,0,3,0,1,0,0,0,2,0,2,3,0,2,2,1,3,0,0,0,0,2,0,1,0,0,2,0,0,0,0,0,1,1,7,0,2,0,2,1,1,0,2,1,0,0,0,0,0,7,1,2,0,0,0,0,0,0,0,0,0,0,0,0,1,0,0,1,0,0,0,1,1,0,0,1,1,1,1,0,0,4,1,0,0,0,0,0,0,0,0,0,0,0,1,0,0,0,0,0,1,2,0,1,1,0,0,0,0,0,2,0,1,2,0,2,1,0,1,1,0,1,0,0,0,2,2
6,2,5,5,2,0,3,2,0,4,3,2,2,0,4,2,2,1,1,0,1,0,2,1,2,0,0,0,2,0,0,0,0,2,0,1,6,0,0,1,0,0,0,0,2,0,0,0,0,0,0,0,1,0,0,0,2,2,1,1,1,2,0,0,2,0,1,1,1,0,0,1,0,1,3,2,0,5,0,1,2,0,0,7,1,0,3,1,1,1,2,0,1,2,2,1,0,1,0,0,1,1,0,0,14,1,1,4,0,0,0,1,1,1,1,1,3,9,0,0,0,1,0,1,0,2,1,0,0,1,0,0,1,1,1,0,0,0,1,0,0,4,1,0,1,0,0,2,10,1,2,0,0,0,0,0,1,0,0,1,0,0,0,0,0,0,2,1,0,7,4,0,1,0,0,4,2,0,0,0,0,4,1,1,2,1,0,0,0,0,1,64,1,1,0,2,0,0,1,7
3,0,6,5,4,4,6,3,1,7,6,15,8,2,0,6,5,2,4,2,2,0,0,0,0,1,0,1,3,0,1,2,5,1,3,24,3,1,4,3,1,4,0,0,11,3,0,2,8,0,4,0,4,9,2,0,1,1,1,0,0,11,4,3,0,1,2,2,2,4,0,3,4,1,1,5,1,1,1,3,8,15,0,0,8,0,1,0,0,2,6,2,2,5,6,8,3,3,0,0,2,6,1,4,6,5,0,0,1,2,0,1,0,4,1,6,3,4,0,5,0,1,0,3,5,1,0,1,3,2,3,0,11,6,1,1,7,1,2,0,0,6,6,0,3,2,1,0,3,1,0,1,0,1,0,6,3,0,1,3,3,9,9,1,1,0,0,4,13,5,0,4,3,6,13,3,3,3,6,2,1,0,0,0,1,4,0,2,8,1,0,0,1,4,5,0,2,9,2,3
3,1,1,0,1,0,2,1,2,3,4,2,0,1,0,1,0,0,0,2,3,2,0,1,3,3,0,2,1,0,2,11,3,3,1,1,6,0,1,1,5,0,0,1,2,2,1,1,7,0,0,1,15,1,1,0,1,0,1,1,1,0,0,1,14,27,1,0,0,1,0,0,2,0,0,0,0,3,0,0,0,0,1,1,1,0,2,2,1,0,0,3,2,0,3,0,2,0,0,0,1,2,0,1,3,1,0,0,0,4,2,0,2,2,1,0,0,0,5,0,2,0,3,1,0,1,2,1,2,3,0,1,3,0,3,0,10,2,5,6,0,2,1,1,1,0,1,0,0,2,0,1,0,2,2,2,0,3,4,1,2,2,5,1,2,0,0,0,2,0,1,1,2,3,1,1,0,0,0,0,1,0,2,0,0,2,0,3,0,1,0,1,0,3,4,0,0,4,2,4
3,2,1,5,0,5,2,1,3,3,0,4,0,1,0,1,3,4,6,3,3,2,3,1,4,7,8,4,1,1,1,7,5,4,3,4,16,5,2,0,3,1,0,4,10,0,1,2,0,0,1,2,6,0,0,3,5,3,4,1,2,3,2,4,4,2,0,7,3,0,11,0,1,4,19,3,2,3,3,2,0,5,0,4,1,0,9,7,1,4,2,3,3,7,2,1,8,0,2,1,4,7,0,3,2,2,1,5,1,1,7,0,4,7,1,1,9,0,0,1,1,0,0,7,3,2,0,0,1,5,3,11,0,1,0,1,24,0,0,2,4,9,5,0,5,3,0,2,0,5,5,2,0,0,2,5,5,0,2,0,0,3,1,2,2,0,5,1,0,3,4,2,5,0,2,2,2,1,18,1,11,5,2,2,0,1,2,3,0,3,2,16,3,6,6,1,1,2,2,7
1,0,0,0,1,2,0,0,0,2,0,0,1,0,0,4,0,2,1,0,0,5,0,1,3,1,0,2,1,1,0,2,0,3,0,1,6,19,1,0,1,0,0,0,0,0,0,0,0,0,0,2,3,0,0,0,2,0,1,4,2,2,0,1,1,1,0,2,4,2,0,0,1,0,2,1,0,1,0,1,1,2,0,0,2,0,1,3,1,0,0,0,0,2,2,0,6,2,0,1,0,1,0,0,0,1,2,0,0,1,0,0,2,0,4,1,1,2,0,1,0,0,1,1,2,0,0,1,0,0,0,1,4,1,0,1,18,1,1,0,1,0,1,0,0,0,0,0,5,1,1,1,0,1,1,0,3,1,3,0,0,0,0,1,0,0,0,0,0,1,0,0,1,5,0,1,0,1,3,1,2,2,3,0,3,1,0,3,0,0,2,5,0,3,0,2,1,0,0,1
0,2,1,1,0,0,0,1,1,1,11,2,1,2,0,5,3,2,2,3,15,3,1,0,2,2,10,3,5,2,3,6,0,2,0,0,8,0,3,0,0,2,3,0,2,0,0,1,0,1,2,0,3,0,0,0,1,1,0,2,2,1,3,3,0,0,4,0,2,0,0,5,1,2,0,2,0,5,1,0,96,1,0,1,1,0,0,8,3,3,0,3,0,2,2,1,1,0,2,0,4,0,0,0,1,1,2,6,1,0,0,3,0,1,5,1,2,8,0,0,1,0,0,1,0,0,1,21,2,1,3,5,2,0,2,1,0,0,0,1,5,0,4,0,1,1,0,0,0,2,0,1,0,1,0,8,0,0,0,0,2,3,0,0,0,0,1,0,0,3,1,6,0,2,2,2,4,5,0,1,0,1,0,0,1,0,1,0,0,1,0,0,0,2,4,0,1,0,3,1
3,2,0,0,1,1,0,0,3,1,0,10,1,1,0,0,0,0,3,1,0,0,1,0,0,4,2,1,0,0,0,3,3,1,3,2,1,6,1,0,1,0,0,0,10,0,0,0,0,0,0,3,2,0,0,1,7,3,2,4,3,3,2,1,0,0,1,3,2,1,11,0,2,2,1,2,0,1,0,5,0,2,0,3,3,0,6,3,1,2,0,0,0,2,1,0,15,3,0,0,2,3,0,3,2,3,2,1,1,5,2,0,10,2,4,0,2,1,0,1,3,0,1,2,4,0,0,0,0,0,1,3,2,0,2,2,6,0,1,2,1,3,1,0,3,2,0,5,0,5,1,0,0,1,2,14,1,1,2,0,0,2,1,1,0,0,0,4,0,4,6,0,7,1,0,2,1,2,18,2,1,4,0,3,3,0,2,1,0,0,0,12,3,3,3,1,3,2,1,3
4,3,0,5,1,3,0,1,2,7,0,3,1,7,1,2,2,2,2,0,2,0,4,1,10,9,6,1,6,2,0,1,7,0,1,10,0,3,15,0,2,0,2,0,7,0,0,3,0,0,0,0,27,4,0,2,16,3,6,7,1,2,4,2,0,1,8,5,2,2,1,0,3,0,1,5,2,4,0,2,32,3,0,3,4,0,2,4,0,6,4,3,3,5,3,1,4,2,1,1,6,2,0,0,1,4,3,3,2,6,2,0,5,9,1,0,3,37,0,2,1,0,1,2,2,10,1,3,4,4,2,2,1,0,10,14,37,0,2,0,3,7,5,0,4,3,0,2,3,7,0,4,0,2,5,7,0,2,1,1,0,7,5,2,0,3,3,2,5,6,1,8,3,7,0,7,12,5,1,2,0,0,1,2,9,5,0,2,1,4,0,7,4,4,5,0,4,2,5,4
1,2,3,3,0,3,1,2,1,0,0,0,1,0,0,2,0,1,0,1,0,0,2,0,0,2,0,0,1,0,3,2,0,1,0,0,0,0,1,0,6,0,1,0,2,0,0,1,0,0,3,1,1,2,10,0,2,1,1,1,4,0,1,4,0,0,0,1,0,0,1,1,0,6,0,0,0,1,0,2,0,1,0,0,0,0,0,0,1,5,0,0,0,2,0,0,0,3,0,0,0,0,1,0,2,3,0,4,1,0,2,0,0,3,1,1,1,17,0,0,0,7,0,4,1,3,1,3,1,1,3,0,1,7,11,2,7,1,0,1,2,0,0,4,0,3,1,0,0,3,0,3,0,6,0,4,0,0,3,0,1,1,2,2,0,0,1,1,0,0,0,1,0,0,1,1,0,5,0,1,0,0,1,0,0,0,0,0,0,1,0,2,4,0,1,0,0,0,1,1
1,1,3,6,5,6,0,4,3,5,10,4,0,5,20,2,2,5,11,0,7,70,9,23,0,1,0,2,1,4,0,0,2,4,10,5,9,8,2,2,1,4,1,0,6,1,3,0,0,0,0,5,0,0,0,4,0,5,10,2,3,6,6,2,0,0,8,2,4,1,0,1,4,2,0,7,3,7,11,0,0,1,1,4,0,0,1,8,4,4,2,0,4,0,7,4,0,0,0,3,2,3,1,1,3,1,17,6,1,3,3,4,2,1,30,1,4,0,1,1,0,0,0,4,10,3,0,4,0,3,3,1,2,0,0,0,5,4,2,10,3,9,8,0,2,10,0,0,2,1,1,2,0,1,1,6,11,0,6,0,0,2,1,1,2,0,1,2,0,1,2,3,1,0,2,4,0,14,0,1,5,0,3,0,3,0,0,6,0,2,0,9,3,1,9,2,3,5,6,1
1,4,0,2,0,3,4,2,4,3,6,3,3,5,2,3,3,6,7,1,9,10,4,5,4,0,2,2,3,0,1,8,3,10,2,0,25,7,2,0,14,0,4,1,1,8,5,7,0,0,5,7,11,3,0,2,7,4,2,2,5,2,4,5,5,10,2,6,4,1,5,0,7,7,4,6,0,3,3,9,3,5,7,8,3,2,11,9,2,0,0,3,2,6,6,0,10,7,0,0,1,5,1,4,6,4,4,11,1,3,0,1,7,11,9,3,10,38,0,5,0,0,0,6,10,1,11,1,0,0,2,23,3,2,4,3,25,2,4,4,4,7,5,0,3,5,1,2,3,11,1,2,0,2,2,3,4,1,13,0,0,8,1,1,3,0,1,3,3,5,4,2,7,5,5,4,6,6,7,0,3,2,3,0,3,1,1,5,0,1,6,3,7,2,10,3,2,2,8,8
3,1,1,3,1,0,1,1,2,1,5,2,0,1,0,0,1,2,4,0,6,13,4,1,0,1,0,2,3,0,0,2,4,2,0,7,0,3,1,0,4,0,0,0,2,0,0,0,4,0,0,2,0,0,0,1,0,2,1,3,1,2,2,0,1,1,4,4,4,0,0,1,2,1,0,0,0,2,13,3,2,2,1,3,1,1,0,2,2,2,1,1,2,2,5,2,0,2,0,6,1,3,1,2,7,2,0,4,0,4,1,1,1,1,6,1,3,0,1,1,5,0,0,6,3,2,0,4,0,6,1,0,0,0,1,1,2,3,1,1,0,0,0,1,12,0,0,0,1,0,0,4,0,1,1,2,3,1,5,0,0,3,2,0,2,0,0,1,2,2,1,1,3,0,1,6,0,3,0,0,9,1,0,0,1,4,0,0,2,2,0,7,2,1,3,0,4,1,4,0
1,5,0,0,1,5,1,1,2,0,2,2,1,11,0,12,6,1,9,1,1,0,3,0,0,2,0,10,2,0,0,1,2,2,3,1,1,2,3,0,0,2,0,4,3,0,0,1,0,0,0,1,0,0,0,1,1,1,7,3,0,4,5,0,0,0,3,1,4,1,0,3,4,3,0,19,1,5,6,0,62,8,0,1,3,0,0,5,8,3,2,0,3,2,7,2,0,3,0,0,3,7,0,6,3,5,3,0,3,3,0,1,0,3,5,0,1,0,0,0,1,0,11,4,6,1,0,9,0,1,0,0,1,0,0,4,2,1,1,0,5,4,6,0,1,20,3,2,0,1,0,1,0,0,0,12,6,2,0,0,0,1,1,2,4,2,0,7,0,5,4,0,7,0,0,7,19,2,0,0,0,0,7,0,6,0,1,1,0,5,1,0,3,1,5,2,4,1,3,1
1,5,2,0,2,14,5,10,0,7,4,4,0,7,1,2,0,5,4,0,4,36,17,11,6,5,0,7,2,0,1,0,10,2,0,0,4,1,3,1,2,4,7,3,5,4,1,2,0,0,0,3,1,0,0,2,9,7,1,2,6,14,3,3,3,2,2,3,1,3,0,2,3,5,0,5,3,5,2,7,0,5,3,5,1,0,3,10,4,6,1,0,0,6,4,2,4,1,0,3,3,7,0,5,0,6,2,8,5,1,25,36,3,11,1,4,2,1,0,15,1,0,0,3,4,7,0,0,0,1,11,2,8,2,4,4,6,4,3,5,8,5,1,0,2,80,5,0,0,0,0,3,0,4,1,7,6,11,0,3,2,5,13,3,7,0,2,3,0,6,2,4,6,1,3,2,11,6,1,4,4,2,7,0,6,0,0,1,0,0,1,0,2,4,10,2,2,3,3,6
2,1,3,0,3,3,1,2,4,1,0,0,9,2,1,1,0,3,1,0,0,1,3,0,0,0,3,2,4,0,0,3,1,4,3,0,2,7,1,0,3,1,0,0,2,1,4,2,0,1,0,3,0,9,0,4,1,1,1,1,0,2,3,0,1,0,0,2,2,12,0,3,0,1,0,2,0,0,0,5,8,1,0,4,2,0,2,3,3,0,5,1,0,4,1,0,1,3,21,2,2,2,0,4,2,4,1,1,0,3,1,0,3,0,1,0,0,129,0,19,2,8,1,3,3,6,0,2,0,4,1,1,0,2,2,1,0,3,0,3,2,0,3,3,0,0,0,5,3,11,0,7,0,1,4,3,3,0,2,0,0,3,3,4,0,1,3,1,1,4,0,1,3,1,0,1,5,2,7,5,1,0,3,2,0,0,0,13,9,4,1,11,1,3,1,10,2,1,2,2
0,0,0,0,0,0,0,0,0,0,0,0,0,1,0,0,0,0,0,0,0,0,0,0,0,0,0,0,0,0,0,0,0,0,0,0,0,0,0,0,0,0,0,0,0,0,0,0,0,0,0,0,0,0,0,0,0,0,0,0,0,0,0,0,0,0,0,0,0,0,0,0,0,0,0,0,0,0,0,0,0,0,0,0,0,0,0,0,0,0,0,0,0,0,0,0,0,0,0,0,0,0,0,0,0,0,0,0,0,0,0,5,0,0,0,0,0,4,0,0,0,0,0,0,0,0,0,0,0,0,0,0,0,0,0,0,0,1,0,0,0,0,0,0,0,0,0,0,0,1,1,0,0,0,0,0,0,0,0,0,0,0,0,0,0,0,0,0,0,0,0,0,0,0,0,0,0,0,0,0,0,0,0,0,0,0,0,0,0,0,0,0,0,0,0,0,0,0,0,0
18,11,6,3,10,18,23,13,13,7,6,9,19,13,19,4,15,13,23,19,9,28,15,3,4,6,10,16,12,10,3,13,11,7,10,2,1,4,9,8,45,15,3,46,24,27,54,7,7,16,9,4,3,21,14,10,4,5,10,14,8,10,13,19,0,3,17,12,11,12,4,23,6,12,11,4,10,7,1,11,24,7,46,10,6,7,13,4,10,23,7,7,5,13,9,4,9,16,6,17,10,9,14,3,17,24,9,6,8,4,6,3,1,4,9,6,4,146,3,16,4,42,4,11,27,14,4,6,2,9,5,16,37,1,5,10,0,1,13,7,7,11,9,4,3,3,8,18,12,28,3,21,15,3,2,8,7,3,20,9,17,2,4,8,4,3,0,21,8,5,31,25,8,3,14,7,19,10,16,10,30,28,11,17,3,1,15,100,11,7,0,35,8,10,26,5,6,12,17,12
1,1,2,1,0,0,0,0,1,2,1,1,2,0,0,2,2,1,2,0,0,0,0,0,0,1,5,0,1,1,0,0,0,0,0,6,0,2,1,0,0,1,0,0,1,0,0,2,0,0,0,0,1,6,0,1,0,4,2,1,0,3,0,0,0,0,1,0,1,1,0,3,0,0,0,1,0,1,3,1,10,0,0,0,1,0,1,0,2,4,3,2,7,1,1,0,1,3,3,0,1,1,0,1,3,1,0,2,0,0,4,0,2,2,0,0,1,31,0,3,0,0,1,3,0,3,0,3,2,5,6,0,0,0,1,0,0,0,2,0,0,1,0,0,0,0,1,0,0,3,1,3,2,0,3,1,0,0,2,0,0,0,2,1,1,0,1,1,2,1,0,6,0,0,0,1,1,1,1,3,1,1,0,0,1,1,0,4,0,0,0,9,1,0,0,0,1,0,0,2
2,6,0,2,2,6,4,3,12,7,2,6,0,6,1,6,5,5,12,3,9,0,1,0,3,0,2,6,6,0,2,4,12,0,0,1,0,10,2,1,0,2,0,3,7,0,9,7,2,1,0,8,7,2,2,0,1,3,4,5,4,3,3,3,0,1,10,5,4,7,2,0,11,2,1,5,3,4,5,31,74,1,4,3,1,0,1,11,6,6,4,7,4,4,15,3,8,4,0,3,7,9,0,3,0,9,4,3,2,3,1,2,14,2,4,4,7,71,0,1,9,0,0,2,5,2,1,28,37,5,0,2,5,0,2,2,2,2,1,1,7,2,8,1,2,4,5,8,0,10,2,0,21,1,3,14,6,5,0,1,3,4,0,1,2,2,0,10,5,4,2,3,5,10,11,4,13,2,5,1,1,1,4,8,3,3,5,5,2,1,2,2,3,12,6,3,12,7,6,9
3,3,0,8,2,4,11,14,6,10,2,2,2,5,13,4,6,8,2,2,0,88,16,11,0,13,9,1,3,7,8,10,23,11,4,7,18,1,10,11,15,8,4,13,12,10,50,9,11,4,8,10,5,3,6,5,2,8,3,7,9,6,8,6,0,8,6,5,6,5,11,8,1,7,8,3,7,5,9,12,6,9,8,3,9,5,4,8,0,8,3,2,3,8,2,6,33,4,0,2,3,8,7,8,0,3,5,1,5,8,9,5,2,6,29,12,11,0,10,12,2,5,4,9,10,8,1,2,0,8,11,22,4,6,7,7,0,0,6,7,4,1,9,6,4,7,1,4,4,9,9,6,2,5,17,6,6,3,15,2,5,4,3,4,7,1,19,2,13,6,1,15,8,4,22,7,10,7,0,12,26,7,5,8,6,3,4,31,3,3,2,4,3,11,13,8,2,7,2,6
3,1,0,2,0,7,4,2,4,5,0,0,1,5,1,4,3,0,12,2,5,0,1,0,4,30,0,5,12,5,1,0,4,0,3,0,1,0,0,1,0,1,3,0,9,0,3,1,4,0,0,0,3,8,0,0,4,3,2,0,10,4,3,4,0,0,2,4,2,1,1,3,4,5,0,5,3,4,4,2,8,2,0,5,0,0,5,8,3,5,2,6,6,2,2,1,5,11,1,2,3,3,0,6,1,2,0,1,0,7,3,1,9,1,0,0,4,14,0,4,2,0,0,5,2,6,5,3,6,4,6,8,1,1,1,6,3,2,4,3,11,3,6,0,2,2,2,5,0,6,0,3,0,0,26,0,5,0,0,0,0,0,2,0,2,1,9,3,1,2,1,2,3,1,2,3,6,4,1,9,0,0,2,1,4,0,2,5,2,2,2,0,4,4,2,0,3,3,3,2
6,1,3,6,4,6,6,11,2,9,10,18,6,0,0,5,3,4,15,18,9,1,3,2,16,18,0,3,15,0,1,17,3,1,1,3,7,17,5,0,3,6,15,14,10,5,1,16,3,0,5,6,32,3,2,1,5,2,6,2,13,8,2,11,5,3,5,7,4,5,13,7,6,6,11,4,4,5,1,29,1,12,18,4,7,1,15,12,9,6,0,10,14,4,6,3,4,10,2,2,4,2,1,2,10,3,9,15,9,6,19,2,6,4,9,20,6,27,41,7,4,1,4,4,9,6,11,7,2,7,2,16,6,4,11,0,30,0,15,24,10,44,3,6,7,3,5,2,6,7,0,1,0,5,12,0,5,2,5,11,2,5,2,10,2,0,0,7,1,2,22,8,13,3,21,4,4,4,8,3,19,0,1,5,2,12,0,12,0,4,9,5,5,4,17,1,3,2,6,12
7,0,16,3,12,1,1,4,0,3,1,7,0,1,0,2,1,3,6,9,1,27,8,12,0,3,1,0,10,0,6,8,8,16,8,1,3,6,2,0,6,1,6,5,8,1,0,1,21,17,5,1,6,10,1,0,6,4,2,2,0,2,5,4,2,6,6,4,8,5,0,6,5,1,2,1,0,4,1,12,0,4,0,4,1,33,5,4,8,3,5,5,7,3,5,2,0,14,1,19,1,1,3,2,7,1,1,2,3,2,1,4,3,1,7,3,5,0,0,3,2,0,8,8,6,3,0,2,0,1,0,0,7,5,0,0,0,5,6,8,9,9,1,6,1,11,2,1,4,0,4,0,5,2,0,3,3,10,7,3,2,0,4,1,2,0,0,4,15,2,5,15,1,5,1,1,2,3,2,0,41,2,3,11,0,1,11,5,50,0,0,40,3,0,4,0,3,0,6,1
4,1,1,3,0,2,3,3,3,8,1,1,0,4,2,4,3,2,3,4,2,13,20,2,5,5,2,3,16,0,9,12,4,4,5,5,1,4,2,16,4,5,4,3,4,6,8,5,18,28,6,6,3,7,10,6,4,2,3,2,1,1,2,4,2,1,5,4,2,2,3,9,3,2,2,1,10,5,1,4,0,4,18,1,2,11,3,0,2,5,3,2,6,0,10,2,2,5,0,21,8,3,17,4,5,9,3,1,2,0,0,0,0,3,1,8,0,0,5,2,1,2,2,5,5,2,1,0,0,5,8,0,19,1,5,0,1,8,2,14,2,2,12,7,0,3,4,28,8,3,2,11,2,2,4,1,2,2,3,11,11,2,2,4,2,0,0,2,5,0,1,17,2,12,24,1,4,1,1,0,30,2,4,13,6,5,10,5,1,2,0,1,6,1,10,2,4,3,5,2
14,13,13,22,15,18,21,21,13,12,41,10,8,24,112,6,13,8,15,12,9,174,42,9,7,16,28,21,32,59,43,30,30,7,13,5,8,4,14,13,27,19,10,9,26,40,37,20,13,23,40,9,7,22,8,13,10,3,18,17,13,9,19,10,5,16,10,17,10,19,22,34,16,17,17,7,30,15,18,11,4,18,46,11,8,11,7,10,8,18,10,16,18,12,17,22,10,25,1,33,10,14,9,22,11,15,9,8,15,13,7,18,3,16,11,24,9,12,5,8,9,9,32,31,28,10,7,7,2,27,9,6,101,9,4,3,5,12,14,14,10,6,30,10,7,5,32,17,32,10,31,10,4,8,8,14,9,10,28,20,59,6,7,8,11,0,5,13,11,5,6,56,18,11,40,9,16,5,4,7,90,23,21,79,7,12,8,32,17,0,9,26,5,12,43,5,8,20,20,8
1,0,0,2,5,0,0,1,0,0,0,2,0,0,0,0,0,0,1,0,1,2,0,0,0,0,0,0,2,0,0,0,0,2,1,0,0,0,0,1,0,0,0,0,0,0,0,0,0,0,2,0,0,0,0,1,1,0,0,0,1,1,0,0,0,0,0,1,0,0,0,1,1,0,0,0,0,0,0,1,0,0,0,0,0,0,0,2,0,0,0,0,0,0,0,1,7,0,0,0,1,0,0,0,0,0,0,0,1,0,1,1,1,0,0,0,0,0,0,0,0,0,0,1,1,0,1,0,0,0,0,0,0,1,1,0,1,1,0,0,0,0,1,1,0,1,1,9,1,0,0,0,0,1,1,0,1,0,0,0,0,0,0,0,0,0,0,0,0,0,1,0,1,1,1,0,0,1,0,0,2,0,0,0,0,2,0,0,2,0,0,4,1,0,0,0,0,0,0,0
6,0,0,0,0,0,0,0,0,0,0,0,0,0,0,0,0,0,0,0,3,7,0,0,0,0,0,1,0,0,0,0,0,0,0,0,0,0,3,6,0,0,0,0,0,11,0,0,0,0,0,0,0,0,0,0,0,0,0,0,0,0,0,0,0,0,0,0,0,0,0,0,0,0,0,1,0,0,0,0,0,0,0,0,0,0,0,0,0,0,1,0,3,0,0,0,4,0,0,0,0,1,0,0,1,0,0,0,0,0,0,0,0,0,0,0,0,0,0,0,0,0,0,0,0,0,0,0,0,2,0,0,0,0,0,0,0,1,3,0,0,0,0,0,0,2,0,15,0,0,1,0,0,7,0,0,0,0,0,0,0,0,0,0,1,0,0,0,0,0,0,0,0,0,0,1,3,0,0,0,0,0,0,2,0,0,0,0,3,0,0,2,1,0,0,0,0,0,0,0
0,1,0,0,0,0,1,2,0,0,1,1,0,1,0,0,0,2,0,0,0,0,1,0,1,0,0,0,1,0,0,1,0,0,0,1,0,0,2,4,0,0,0,0,1,0,0,0,1,0,0,1,0,0,0,0,1,1,1,0,0,0,1,0,0,0,0,0,0,0,0,0,0,1,0,1,0,0,0,5,0,0,0,2,0,0,1,0,1,0,0,0,0,0,0,1,0,0,0,0,1,0,0,0,0,2,1,1,0,1,0,1,0,0,0,0,0,0,0,1,0,0,0,0,3,1,0,0,1,0,2,1,0,1,2,0,0,0,1,0,0,1,1,0,0,1,0,0,1,0,0,2,0,0,0,0,1,0,0,0,0,3,0,1,1,0,1,0,0,1,1,0,0,3,0,0,1,1,0,0,2,0,1,0,2,5,0,0,0,1,0,0,0,0,1,0,3,0,0,0
0,0,0,3,0,0,0,0,0,0,0,0,0,0,0,0,0,1,4,0,9,0,0,0,0,0,0,0,0,0,0,2,0,1,0,0,1,6,0,0,0,0,0,0,1,0,0,0,0,0,0,4,3,0,0,0,0,0,0,0,0,0,0,0,0,0,2,0,0,0,0,0,0,1,0,0,0,0,0,8,0,0,1,0,0,0,0,7,0,1,0,0,0,0,1,0,4,0,0,1,1,1,0,0,0,0,0,9,0,0,0,0,0,2,0,1,1,0,0,0,1,0,0,0,0,0,0,0,0,0,0,0,0,0,0,0,238,0,0,0,3,3,0,0,3,16,0,2,0,0,0,0,0,0,0,0,0,0,0,0,0,1,0,0,0,0,0,0,0,0,4,0,0,0,0,0,0,0,1,0,0,0,0,1,1,0,0,0,0,0,0,0,0,0,0,3,0,0,0,0
6,4,1,7,1,1,6,0,2,2,0,2,3,1,4,4,2,1,1,1,1,0,0,0,4,9,0,0,2,2,0,0,6,4,0,4,1,0,6,1,0,0,2,0,7,0,3,4,1,0,3,1,2,2,0,3,3,4,1,0,5,4,5,1,0,1,3,2,5,2,6,5,3,0,1,4,0,1,3,3,9,0,0,2,0,0,2,2,3,2,1,3,1,0,1,1,3,5,1,1,1,2,1,0,1,2,6,5,0,6,0,0,5,3,0,0,3,40,0,0,3,1,4,4,2,8,18,2,3,7,1,8,1,6,1,2,2,1,2,2,2,0,1,0,1,0,1,0,2,4,1,3,0,2,6,3,3,0,0,1,1,1,1,1,0,1,17,3,8,3,0,4,1,4,3,1,15,2,0,6,3,0,8,1,1,3,0,5,1,3,1,1,3,6,4,0,6,4,3,5
10,5,7,10,5,3,7,4,8,8,2,6,20,6,0,7,4,6,3,12,6,3,6,0,7,6,46,5,8,9,16,11,17,15,2,3,9,4,5,1,2,13,8,1,10,0,8,13,10,13,2,5,21,9,0,7,13,5,3,4,3,4,2,8,5,0,11,6,5,8,1,14,6,2,7,4,2,7,0,10,196,10,0,2,6,0,6,4,5,22,18,15,3,9,11,1,6,10,13,2,6,5,3,4,7,13,1,7,8,4,4,2,3,8,4,3,7,131,0,4,7,14,4,5,4,3,6,30,24,7,1,5,14,3,1,4,11,3,5,5,8,4,11,0,9,4,6,11,1,20,0,9,10,3,2,8,2,6,2,4,10,7,2,3,1,4,2,1,4,11,4,4,8,6,12,2,13,12,7,28,6,5,6,4,3,7,0,20,3,5,0,5,7,8,17,8,8,1,5,11
0,0,0,0,1,0,0,0,0,0,0,1,1,0,0,0,0,1,1,0,17,0,0,0,1,0,0,0,0,0,0,0,0,0,0,0,0,1,1,0,0,0,0,0,1,1,0,0,0,0,0,1,2,0,1,0,0,0,0,0,1,0,0,0,0,0,4,0,0,0,0,0,0,0,1,1,0,0,1,11,0,0,0,0,2,0,1,11,0,0,0,0,0,0,3,0,0,0,0,0,0,0,0,0,1,0,0,1,0,0,0,0,1,0,0,0,2,1,0,0,0,0,0,0,0,0,0,0,0,0,1,0,0,0,0,1,96,0,2,0,1,1,0,0,0,0,0,0,0,0,1,0,0,0,1,0,0,0,0,0,0,0,0,0,0,0,0,0,0,0,6,0,0,0,0,0,0,1,2,0,0,0,0,1,0,1,0,0,0,0,0,2,1,0,1,1,0,0,0,0
0,1,0,0,0,3,0,0,0,1,1,1,0,1,0,0,1,0,2,2,5,0,0,0,0,2,0,1,0,0,0,0,0,0,2,0,4,3,2,2,0,0,0,0,3,0,0,1,0,0,0,0,1,0,0,1,3,1,1,2,3,1,1,3,2,0,2,3,0,1,1,0,0,1,1,2,0,0,0,2,0,0,0,0,2,0,2,2,3,1,1,0,2,2,0,0,5,4,0,0,0,2,0,1,0,2,9,5,0,1,0,0,2,2,1,1,2,0,0,0,0,0,0,1,3,0,3,0,0,1,0,0,4,0,0,0,3,0,2,1,5,12,2,4,0,0,0,2,0,3,4,2,0,1,0,1,2,1,0,0,0,2,0,1,0,0,0,0,0,0,3,0,2,1,4,0,0,1,1,0,1,0,2,4,3,0,1,0,0,2,1,5,0,0,2,2,2,1,0,0
11,2,0,2,2,1,6,2,1,4,2,1,1,4,1,5,4,0,8,3,1,0,28,0,2,4,0,2,3,0,6,18,19,9,4,2,4,4,3,4,11,1,2,0,1,0,0,7,0,0,7,2,8,0,8,1,4,2,2,3,15,5,0,1,15,11,1,1,4,3,3,0,1,1,23,3,2,6,2,4,1,1,1,5,1,0,1,7,1,3,1,4,2,2,4,0,0,12,0,1,3,3,2,1,3,1,1,0,2,3,2,2,10,17,1,33,6,7,17,2,2,0,1,12,3,2,0,1,0,2,0,3,10,5,0,0,18,2,4,1,4,5,2,0,0,2,7,2,0,0,7,0,3,1,4,3,10,6,12,7,1,1,2,5,0,1,0,3,0,4,2,3,5,0,0,1,9,3,25,5,44,2,1,3,5,2,1,8,1,3,5,22,4,12,1,4,3,2,8,8
9,3,23,35,210,0,9,8,1,5,0,4,0,1,4,2,7,3,6,1,2,48,7,71,0,6,6,3,14,5,0,14,3,8,2,1,38,1,1,27,2,4,0,2,19,5,4,8,1,0,4,1,0,2,0,1,3,0,1,9,13,6,7,2,25,13,17,5,5,5,13,39,4,7,1,1,1,19,1,10,2,55,4,19,3,9,8,4,4,8,5,1,6,4,10,3,0,2,0,114,3,4,2,7,5,2,1,3,1,5,9,7,1,6,2,11,1,0,1,26,5,2,1,1,10,3,0,3,0,30,6,0,12,10,0,2,0,2,0,19,12,10,0,3,0,4,0,1,7,3,48,5,0,3,6,0,2,8,2,0,1,4,0,13,0,0,0,2,4,3,4,8,2,3,9,4,5,4,5,0,37,7,4,1,3,3,14,5,3,6,0,108,3,5,3,1,13,18,21,4
5,3,3,8,1,3,2,3,3,7,1,4,2,2,2,7,0,13,8,2,0,44,58,13,2,1,0,1,5,3,18,21,16,1,5,7,28,11,6,2,5,27,5,0,8,5,6,16,1,0,92,7,11,1,9,4,6,3,6,4,5,8,9,3,30,18,7,5,1,3,6,0,12,6,3,3,0,3,0,6,2,1,26,4,3,6,10,2,1,4,0,4,2,5,3,0,2,5,0,2,2,1,1,5,3,5,2,3,8,6,5,10,1,2,1,55,8,0,22,11,3,0,5,2,2,3,1,2,1,4,8,4,3,1,15,4,19,2,3,2,1,10,5,1,0,4,6,0,8,6,1,2,1,1,1,6,5,8,6,1,1,1,3,1,2,0,0,4,2,0,1,8,5,2,4,5,1,1,2,2,7,2,14,0,3,3,23,3,0,1,13,15,3,1,8,8,3,10,12,9
5,2,3,2,3,2,3,2,2,7,12,13,0,2,0,6,9,3,0,1,1,4,0,0,3,2,0,0,2,1,0,1,4,7,1,9,2,0,3,9,3,0,0,1,5,2,2,4,13,0,0,7,5,7,0,2,1,2,1,3,5,10,5,7,0,1,0,1,10,4,0,6,3,5,0,6,1,10,3,3,4,11,0,4,0,0,2,3,4,6,1,1,8,2,4,2,2,3,0,0,8,3,0,1,1,3,1,1,1,2,0,0,3,0,3,19,5,6,1,10,3,0,0,0,2,1,1,3,0,2,7,0,1,9,7,1,4,0,7,2,2,9,2,0,1,3,2,1,0,0,1,4,0,1,1,3,3,1,4,0,1,2,4,6,1,0,1,0,1,6,1,0,6,6,9,4,3,2,2,0,0,0,7,0,2,1,0,4,1,2,0,2,2,5,8,1,3,4,3,5
4,7,2,10,1,5,2,2,2,2,1,5,2,6,2,7,11,9,6,5,4,1,5,4,4,7,1,6,9,2,7,8,8,4,4,6,2,3,3,0,3,5,4,2,11,4,11,6,8,10,6,0,1,2,1,1,8,7,5,5,7,7,5,2,3,3,11,7,2,2,4,11,5,3,1,1,2,3,7,5,2,6,3,1,7,0,4,2,4,12,7,1,6,3,12,5,5,6,0,1,2,4,7,5,2,7,2,5,5,4,0,2,9,3,3,12,9,10,0,1,2,0,4,10,2,5,6,0,0,6,3,3,23,2,5,0,2,1,3,8,10,4,12,8,14,7,6,3,2,13,3,4,3,0,4,7,3,4,3,10,3,11,2,2,1,0,5,6,0,6,1,4,2,13,5,6,3,5,5,2,7,1,4,7,0,9,0,11,4,2,7,3,6,6,6,1,8,2,9,6
0,0,0,0,0,0,0,0,0,0,0,0,0,0,0,0,0,0,0,0,0,0,0,0,0,0,0,0,0,0,0,1,0,0,0,0,0,0,0,0,0,0,0,0,0,0,0,0,0,0,1,0,0,0,0,0,0,0,0,0,0,0,0,0,0,0,0,0,0,0,0,0,0,0,0,0,0,1,0,0,0,0,0,0,0,0,0,0,0,0,0,0,0,0,0,0,0,0,0,0,0,0,0,0,0,0,0,1,0,0,0,0,0,0,0,0,1,0,0,0,1,0,0,0,0,0,0,0,0,0,0,0,0,0,0,0,1,0,0,0,0,0,0,0,0,0,0,0,1,0,0,0,0,0,0,0,0,0,0,1,0,0,0,0,0,0,0,0,0,0,0,0,0,0,0,0,0,0,0,0,0,0,0,0,0,1,0,0,0,0,0,0,0,0,1,0,0,0,0,0
4,7,2,10,1,12,12,2,5,9,5,6,1,10,20,4,4,4,10,7,14,19,36,1,18,5,5,6,37,10,5,41,22,5,7,9,0,19,15,6,8,18,7,13,6,18,15,9,56,43,20,6,2,11,21,5,7,14,19,6,8,9,23,8,4,22,6,9,6,8,8,21,16,5,7,8,34,8,9,3,5,11,14,6,8,19,6,1,6,25,2,14,6,16,12,9,10,13,1,9,6,7,17,9,2,13,6,1,11,4,3,7,2,5,3,31,2,1,9,8,4,7,6,3,7,8,3,1,4,6,7,0,20,2,1,2,10,22,13,10,16,13,20,7,2,7,12,11,23,6,3,15,10,9,11,2,10,5,9,11,7,8,7,8,19,0,2,6,15,4,10,27,22,7,50,7,10,5,0,4,30,5,8,37,3,10,9,10,15,3,12,2,13,11,13,1,5,6,17,5
42,24,26,22,9,20,51,16,30,26,6,20,64,32,33,23,29,20,32,39,25,62,22,3,18,15,10,23,45,15,46,46,40,21,33,20,11,34,23,35,35,40,14,9,41,14,32,46,68,59,41,27,82,57,19,12,31,8,31,24,14,19,22,37,5,5,24,30,12,51,5,47,29,40,7,14,8,28,17,22,638,64,18,6,15,10,16,20,23,85,15,29,16,20,43,28,6,37,60,14,19,26,23,11,18,28,8,12,15,20,15,10,3,16,18,31,15,251,8,22,19,51,14,29,37,20,31,64,63,45,19,12,108,11,30,18,50,21,39,27,20,18,32,35,8,13,27,34,14,56,3,23,51,35,20,23,10,34,34,37,60,25,17,25,22,25,7,18,25,33,25,98,49,87,62,32,38,12,53,27,47,19,20,25,22,61,15,44,11,26,6,21,23,29,49,14,11,32,30,25
4,0,0,12,12,5,8,3,3,2,4,5,27,6,13,2,6,1,4,1,0,4,4,2,0,1,0,4,8,3,36,6,2,3,0,3,15,5,2,0,32,7,1,0,3,0,3,3,1,0,17,5,4,0,0,8,0,9,0,4,0,1,2,3,25,11,2,3,0,1,5,4,4,1,1,2,1,2,4,1,0,2,9,2,0,0,8,1,0,1,2,3,0,4,4,5,4,7,0,1,1,5,2,3,1,3,0,1,0,0,5,0,0,11,3,3,1,0,0,1,0,0,0,4,5,1,4,1,1,1,0,2,0,1,1,3,1,0,2,2,2,7,7,2,2,2,3,5,1,3,3,1,1,1,1,2,1,0,11,0,0,4,1,6,0,0,2,4,5,0,3,2,2,3,0,4,5,2,29,6,5,1,4,2,2,3,0,8,2,0,0,3,4,2,2,3,3,5,19,1
1,1,2,10,9,2,1,13,2,4,0,6,1,8,5,0,6,2,6,1,10,105,5,27,1,4,0,6,3,8,1,2,1,4,11,2,21,10,4,1,0,11,2,1,12,3,2,1,4,0,1,4,9,1,0,3,6,0,5,1,3,3,2,3,0,8,7,4,4,1,6,3,7,5,8,3,0,2,1,0,1,3,1,2,4,0,5,1,2,7,2,3,0,6,1,0,2,12,0,10,5,2,5,1,3,2,3,2,1,5,0,14,1,17,9,2,1,0,0,3,2,1,0,5,5,1,8,0,0,4,2,3,13,0,1,3,0,2,1,3,8,6,4,2,10,9,3,22,7,9,5,1,1,6,5,4,3,1,0,3,0,4,3,1,2,0,0,6,10,1,13,4,3,2,7,7,0,0,0,0,10,11,4,4,6,6,1,3,0,2,0,66,3,1,4,4,1,4,4,4
6,1,2,5,0,2,10,11,7,13,2,1,5,4,0,7,7,6,16,4,7,18,1,14,10,2,0,0,12,2,0,7,5,4,3,6,44,2,3,2,82,0,2,2,16,3,5,20,0,0,3,4,26,2,2,4,3,4,4,4,10,6,4,4,119,49,4,11,3,3,4,2,4,12,29,9,0,4,5,7,3,5,5,10,13,1,5,7,6,8,1,8,3,3,4,0,18,4,0,0,3,7,1,5,8,7,5,4,4,5,7,7,19,7,4,24,19,8,0,5,4,0,1,6,4,6,9,4,2,6,0,32,5,4,5,1,21,9,3,2,8,10,19,0,2,5,8,3,8,13,4,14,0,1,7,9,2,0,76,7,4,8,1,2,0,0,4,2,0,2,7,15,5,7,2,4,16,4,47,8,12,0,4,3,7,13,2,15,0,4,1,2,4,8,7,6,7,8,7,23
3,2,1,2,0,5,0,4,1,3,0,4,4,7,3,3,4,7,8,1,2,9,15,18,2,5,0,2,7,0,6,25,2,5,0,1,4,3,8,2,6,2,7,0,0,0,0,6,6,4,4,1,15,0,1,3,3,2,7,0,5,5,3,9,45,16,2,4,3,4,2,3,6,5,20,0,2,3,1,2,4,3,1,4,3,0,7,5,1,3,2,1,1,3,3,1,6,17,1,1,1,2,0,1,1,6,2,1,2,4,4,2,7,6,4,41,3,6,2,3,1,0,0,6,2,5,5,1,1,6,2,8,11,6,2,0,26,2,1,3,8,6,6,0,0,3,3,2,14,16,3,2,3,1,4,5,7,2,6,3,3,1,6,0,4,0,0,9,0,1,2,13,1,1,2,4,4,1,1,3,50,2,1,6,3,2,11,4,0,1,2,7,1,5,3,5,3,8,4,9
9,3,6,2,3,4,4,4,6,6,3,4,7,1,12,6,5,8,13,0,5,9,1,9,8,4,1,7,4,0,13,9,4,4,2,3,18,3,5,0,40,4,3,19,9,3,6,12,3,4,11,1,13,3,5,11,4,0,1,3,7,7,6,4,53,26,7,4,5,10,7,4,5,8,3,3,2,7,1,13,1,3,16,2,3,2,17,11,8,7,1,3,4,5,7,5,20,2,0,1,3,9,0,3,3,8,12,4,0,3,8,4,4,4,2,11,5,15,4,4,2,2,3,8,6,8,8,1,1,4,6,12,11,3,7,3,31,1,7,2,4,6,11,3,2,8,4,6,1,10,3,4,0,4,3,7,2,4,38,25,12,3,4,3,4,0,18,5,1,4,4,17,13,9,9,5,6,2,20,11,7,3,2,7,6,9,2,20,0,1,3,6,5,9,19,2,7,6,8,9
0,3,1,11,1,1,1,0,1,1,0,3,5,0,31,5,2,5,4,5,5,6,3,0,9,4,7,0,3,0,3,35,3,41,0,4,46,17,0,0,1,2,3,1,4,2,4,6,0,0,7,7,11,4,0,5,1,0,1,1,1,2,2,1,2,6,3,3,0,4,6,1,2,5,10,2,6,4,2,9,0,1,0,0,4,0,4,2,3,8,2,4,3,0,3,0,0,5,0,1,1,0,0,3,1,0,2,9,6,1,2,0,1,7,15,2,0,49,3,0,0,0,0,23,0,1,5,1,0,2,1,0,1,5,6,4,18,3,4,4,3,16,0,0,4,4,2,0,3,2,3,1,0,0,3,0,2,1,1,3,0,0,0,1,4,0,0,0,1,1,7,3,6,1,2,2,0,2,7,9,5,1,2,0,1,8,3,1,0,0,0,56,1,2,3,0,0,0,6,2
1,0,0,0,0,0,0,0,0,3,0,0,0,0,0,0,1,0,1,0,0,0,1,0,0,2,0,0,0,1,0,0,0,1,0,0,6,4,3,0,0,1,0,5,0,3,6,0,0,0,2,1,1,0,0,2,1,0,0,1,1,1,1,0,0,0,0,1,0,1,0,2,2,0,0,1,0,1,2,0,0,0,4,1,1,0,0,0,0,1,1,2,3,2,0,1,3,1,0,0,1,0,0,1,1,2,5,0,1,2,0,0,3,1,1,0,0,0,0,0,2,0,0,0,3,0,0,0,0,1,0,2,0,0,2,1,0,0,0,1,0,0,0,0,22,1,2,1,0,2,0,0,0,1,1,1,2,2,0,0,0,0,0,2,0,0,0,2,0,2,0,1,3,0,0,0,2,1,3,2,0,0,2,0,0,2,0,4,0,0,0,0,0,0,1,0,1,0,0,0
22,9,14,21,28,23,15,22,10,23,34,4,1,24,57,8,6,10,17,15,18,60,23,11,12,5,5,4,34,14,21,39,41,20,11,25,5,13,22,34,85,6,8,11,27,33,31,22,47,16,16,6,19,16,16,14,8,6,13,20,18,14,20,15,2,17,8,16,16,26,23,22,18,19,2,2,19,16,5,19,11,23,28,7,11,4,3,7,14,25,2,11,11,19,15,19,10,27,10,15,14,11,8,10,17,9,10,5,4,12,7,10,14,10,10,18,2,0,3,12,11,6,33,17,30,21,11,7,0,13,11,9,78,11,15,4,12,12,15,9,11,10,26,10,3,3,26,5,81,10,23,18,9,34,9,10,5,15,46,28,48,7,13,15,12,3,4,12,18,16,12,80,18,22,64,11,12,8,27,28,49,19,26,99,14,27,14,39,12,1,1,7,14,11,51,6,5,17,14,14
1,0,0,1,0,0,1,0,1,1,0,2,0,1,0,0,1,0,3,0,2,0,1,0,0,0,0,1,1,4,0,1,0,0,1,0,0,0,1,0,0,0,0,0,2,0,0,1,0,0,0,0,0,0,0,2,0,1,0,0,0,0,0,0,3,1,0,0,0,0,0,0,0,0,0,2,1,0,0,2,0,1,0,1,0,0,0,0,1,1,1,0,1,2,1,0,0,2,0,0,0,0,0,1,0,0,0,0,1,2,1,0,0,1,0,0,1,0,0,0,1,0,1,2,1,2,1,4,0,1,1,12,0,0,0,0,0,0,0,0,5,2,1,0,0,0,0,0,1,4,0,2,0,1,10,2,0,0,0,0,0,0,0,0,0,0,6,0,0,0,0,0,0,0,0,0,0,0,0,4,0,3,1,0,0,0,0,0,0,0,0,2,0,1,0,0,1,0,0,0
0,0,1,2,12,2,1,0,1,1,1,8,0,1,0,4,0,5,2,0,3,0,1,0,2,2,0,1,2,0,1,1,4,2,1,0,3,4,0,0,0,2,5,0,3,0,0,2,1,0,0,1,3,0,0,4,0,10,3,3,2,2,2,0,17,5,3,4,6,3,4,4,3,3,7,3,0,6,8,2,3,1,3,4,0,0,2,7,7,5,0,0,1,4,2,2,0,4,0,1,0,2,0,4,5,3,3,4,0,6,1,1,1,6,13,2,1,4,1,0,3,0,0,8,3,4,1,1,2,1,3,2,3,3,0,2,0,1,3,0,0,2,4,0,7,1,1,1,2,10,3,1,1,4,5,9,1,0,1,0,0,1,0,1,1,0,1,3,1,7,1,1,0,0,0,4,3,13,3,1,0,6,5,0,1,5,0,2,0,0,1,31,1,4,2,3,2,1,1,1
2,0,0,0,0,0,2,1,0,0,0,3,0,1,2,0,0,0,0,0,2,0,2,0,4,1,0,0,0,0,1,3,2,1,2,0,0,0,2,0,0,3,0,0,0,0,0,0,1,0,1,0,0,0,0,0,1,0,0,0,2,0,1,0,0,0,0,1,1,0,2,1,1,1,0,0,1,0,1,0,3,0,0,2,2,0,0,0,2,0,0,0,0,0,2,0,1,1,0,0,1,0,0,0,0,1,0,1,0,0,0,0,0,1,0,0,0,2,0,1,0,0,0,0,0,1,0,0,1,1,0,0,0,0,2,0,0,1,0,3,0,1,0,0,0,1,0,1,3,0,0,0,0,0,3,1,0,0,0,0,0,1,0,0,0,0,6,1,0,0,0,3,0,4,3,0,2,0,6,1,1,0,1,0,0,0,0,1,0,0,0,0,0,2,0,0,2,0,0,1
8,7,4,4,12,3,7,4,6,3,7,7,2,13,14,6,7,7,3,1,13,67,34,12,6,3,0,8,9,3,26,22,16,5,10,37,17,10,6,10,32,11,17,2,4,4,5,5,12,0,32,4,8,4,5,6,4,3,3,3,2,10,7,4,3,9,8,8,7,14,3,10,12,10,1,4,1,7,4,3,3,7,16,7,13,3,8,1,2,9,6,6,5,3,9,9,8,15,2,11,2,2,13,4,5,7,3,3,8,7,5,11,7,8,3,46,4,1,36,6,5,1,14,3,6,2,1,2,0,15,12,4,16,1,0,0,14,5,5,15,5,8,7,2,7,0,8,2,29,1,3,6,2,3,3,8,3,3,24,9,2,10,6,6,10,0,0,6,2,4,3,20,13,9,2,8,8,3,6,1,29,2,14,14,7,8,9,12,18,1,3,13,9,5,3,7,7,10,8,12
0,0,0,0,0,1,0,0,0,2,0,2,1,0,0,0,2,1,2,0,4,0,1,0,1,1,0,0,0,0,0,2,1,1,4,0,3,1,1,0,0,0,0,0,0,0,0,0,0,0,0,2,2,0,0,0,3,1,3,0,1,2,1,3,0,0,0,3,0,1,4,1,0,0,0,0,0,0,0,1,0,0,0,1,1,0,1,5,2,0,0,0,1,1,0,0,2,0,0,0,0,1,0,0,0,0,1,1,0,0,0,0,3,0,0,0,1,0,0,1,0,0,0,0,0,1,0,0,0,0,0,7,0,0,0,0,1,0,0,1,3,5,3,0,0,0,1,2,0,1,1,0,0,0,1,1,0,0,2,0,0,0,0,0,0,0,0,2,0,1,1,1,2,0,0,2,1,0,6,0,1,0,0,0,0,0,1,2,0,1,0,1,0,0,0,1,0,1,0,3
1,2,1,4,0,3,4,0,3,1,1,5,1,3,6,5,4,4,0,7,5,3,4,7,6,10,0,2,4,5,8,2,9,3,3,6,2,0,5,10,23,5,6,4,13,3,1,6,0,0,13,2,11,2,1,3,1,0,3,4,8,3,3,1,9,5,8,5,5,9,1,6,1,2,12,4,3,5,4,10,3,3,9,4,3,0,4,1,2,4,3,1,1,4,2,1,2,1,2,1,0,1,1,10,0,5,5,6,4,5,4,1,0,4,1,3,4,6,0,3,3,2,3,16,2,3,8,1,0,10,4,12,7,8,1,14,6,0,5,0,4,0,4,5,0,4,3,3,0,0,0,1,1,15,3,4,2,2,16,3,4,2,3,1,3,0,0,3,0,0,2,9,3,24,3,1,4,7,6,1,7,0,2,1,2,5,1,2,3,0,2,2,1,4,12,0,5,2,5,4
8,7,12,6,2,10,6,13,11,20,5,6,14,21,18,14,9,17,14,13,16,23,5,15,17,7,3,13,50,5,24,18,16,11,13,4,13,23,10,10,26,9,11,4,22,38,19,16,24,16,24,3,21,15,3,12,15,4,11,10,3,15,7,17,3,8,20,12,9,32,18,31,16,13,2,12,20,16,12,14,20,19,8,6,6,1,7,13,10,21,3,3,8,3,23,65,22,10,4,3,10,10,9,17,13,14,10,8,19,12,6,4,3,5,3,24,9,71,1,7,11,7,10,8,16,10,5,18,2,12,16,8,42,0,11,7,43,6,16,15,17,11,29,2,28,3,10,53,14,30,11,11,2,11,10,14,7,13,37,21,15,12,5,6,8,8,4,9,10,9,6,21,16,41,49,15,19,10,38,14,9,5,7,8,8,23,3,43,2,16,7,3,13,17,20,8,6,15,12,29
1,2,3,8,0,2,24,4,5,5,5,2,8,11,4,4,1,7,6,5,0,5,14,0,2,11,6,5,6,4,1,4,5,2,2,4,2,0,4,1,0,5,6,0,1,0,4,0,2,1,6,2,16,6,1,2,2,3,5,3,1,3,6,5,0,0,2,2,7,13,1,14,2,7,4,1,3,5,7,2,168,5,1,2,4,0,5,2,2,4,2,0,3,8,4,3,3,4,12,3,5,7,0,5,3,11,6,1,1,0,5,0,6,3,2,0,2,20,0,2,6,7,5,13,3,2,9,21,13,3,3,1,8,8,3,18,0,1,5,2,2,4,13,0,0,13,9,18,2,17,0,4,2,3,1,19,3,4,0,0,0,3,0,9,0,39,1,3,22,8,8,10,5,5,1,5,16,6,8,10,4,0,8,2,5,7,1,9,1,3,0,6,3,10,8,4,4,0,6,1
1,0,6,0,1,0,2,0,0,0,0,1,3,5,0,0,2,1,3,0,3,0,2,0,1,0,1,0,3,1,0,2,2,1,1,0,2,0,1,0,1,1,2,0,0,0,0,1,0,0,0,1,0,15,0,0,1,5,1,1,0,1,0,0,0,0,1,1,0,1,0,1,4,2,0,3,1,1,1,2,1,0,0,1,1,0,0,1,1,4,1,0,0,1,0,0,1,1,0,3,2,1,1,0,2,2,0,0,0,0,0,0,1,0,2,0,1,27,0,4,1,3,0,0,0,1,0,0,0,2,1,0,1,0,1,1,1,0,0,1,4,0,3,0,0,3,0,8,0,6,0,1,2,3,0,3,3,0,0,0,0,1,0,2,0,0,0,7,1,2,3,0,2,1,1,0,3,3,2,1,1,1,1,0,3,3,0,3,0,1,0,1,4,3,4,1,2,0,1,0
1,0,1,4,0,4,3,3,1,4,1,1,1,1,16,0,3,2,6,2,0,1,5,3,3,1,5,1,2,1,0,10,4,1,2,1,8,2,1,0,3,0,5,2,4,0,3,6,0,0,2,0,2,2,1,1,2,0,3,4,3,2,1,2,1,2,2,3,7,1,19,1,3,2,8,2,2,2,1,2,0,1,1,5,1,0,12,9,4,6,3,0,0,1,5,0,15,2,0,2,0,0,0,1,0,2,2,2,1,6,1,1,3,2,1,0,3,1,1,1,3,0,0,3,3,1,0,0,0,2,0,4,0,0,1,2,15,1,0,1,3,3,2,0,1,2,1,3,1,9,3,5,0,2,3,4,0,0,4,1,1,1,0,0,0,0,1,4,1,0,1,3,0,0,0,2,2,7,5,1,7,0,4,1,4,1,2,2,1,0,0,13,1,5,4,1,4,2,4,2
9,10,2,6,1,4,12,4,7,4,0,2,12,5,3,5,6,9,5,6,1,13,1,1,2,2,1,3,11,2,7,2,11,2,8,6,6,7,5,2,3,5,3,5,18,6,8,5,7,2,2,6,18,23,3,9,2,2,4,9,5,4,6,5,0,3,5,10,7,3,2,6,1,9,1,2,4,6,2,7,134,5,3,4,3,1,2,0,9,12,12,10,6,11,6,8,8,3,44,0,5,7,2,4,4,4,3,2,4,2,3,3,0,6,3,0,4,125,0,2,2,25,5,13,13,4,6,25,8,3,9,2,5,2,3,3,1,6,4,3,7,2,4,3,2,6,2,22,0,20,0,2,7,2,0,8,5,4,2,2,6,17,1,6,6,8,2,3,6,2,5,5,5,2,16,9,13,1,11,6,10,4,5,1,5,2,3,26,5,20,1,5,3,7,21,13,2,4,9,3
4,1,1,0,0,2,5,0,0,1,3,1,0,1,3,3,0,2,0,3,2,1,3,1,0,1,0,0,3,1,4,3,2,1,0,1,2,0,0,0,0,5,0,1,3,1,1,5,7,0,8,0,2,5,1,0,0,3,1,1,1,0,2,0,1,0,1,1,2,0,42,2,0,0,0,1,1,1,1,2,1,1,1,1,2,0,1,0,0,2,1,4,1,1,7,0,5,0,0,0,2,0,1,0,3,0,0,0,0,1,0,0,3,3,7,1,0,2,1,0,2,5,2,1,1,2,3,1,0,2,2,4,0,1,1,0,0,0,4,3,1,1,0,0,1,3,0,0,17,5,0,2,0,2,7,4,0,0,0,0,0,2,2,1,8,0,13,0,1,0,3,8,2,3,8,0,9,1,9,14,6,0,2,7,0,0,0,1,1,2,0,0,1,6,2,0,0,0,1,0
3,1,1,7,0,1,2,0,0,1,1,1,1,1,2,1,0,1,1,0,0,12,0,3,0,3,0,2,3,2,3,0,1,1,0,0,6,0,2,0,1,1,1,0,1,0,0,0,0,0,1,1,0,1,0,1,1,0,1,1,1,0,0,0,0,0,0,3,0,0,17,0,0,1,12,0,1,1,1,1,0,0,0,1,0,0,5,0,0,2,0,0,0,2,1,1,2,4,0,2,0,2,0,3,1,0,0,0,0,0,0,0,5,7,4,4,1,0,0,1,1,0,0,0,3,2,1,0,0,1,0,1,2,2,0,0,1,0,1,1,1,0,2,0,2,1,1,10,0,1,6,1,0,1,1,0,3,1,0,0,0,1,2,0,0,0,0,3,0,1,3,1,3,0,0,3,2,2,1,2,1,2,5,2,2,2,0,0,1,0,0,33,1,3,0,0,0,0,0,1
0,3,6,1,0,2,0,2,4,3,4,2,3,4,5,3,3,9,3,7,3,3,3,1,0,9,4,5,8,0,5,26,3,2,1,3,1,0,2,2,19,0,3,6,5,3,2,6,69,11,4,1,0,4,9,1,7,0,7,1,2,4,4,5,4,0,1,4,5,7,2,7,3,4,3,0,6,2,1,4,4,1,14,6,4,4,2,0,3,3,2,2,3,1,6,3,0,9,2,22,5,5,3,3,4,4,1,1,0,1,4,1,1,1,0,2,1,17,2,2,2,3,14,0,2,3,1,2,0,2,2,2,10,3,1,0,3,8,2,17,4,2,3,6,0,3,6,0,12,7,1,6,2,2,1,1,0,1,14,7,2,6,4,4,1,2,0,2,37,3,1,25,4,2,4,5,3,3,1,5,12,11,10,6,3,2,6,6,7,0,0,0,9,0,9,1,2,2,4,0
8,10,5,4,1,6,6,10,5,11,15,6,1,7,10,11,11,10,5,30,3,35,17,1,14,10,5,11,34,5,18,21,28,7,12,16,10,3,3,30,34,10,13,3,29,15,7,10,15,47,18,11,11,11,17,2,23,5,9,8,9,7,8,10,3,17,6,5,4,15,6,15,6,9,9,7,6,5,2,12,15,11,7,8,9,13,2,7,2,15,3,8,15,12,10,15,14,16,2,3,10,13,10,22,7,8,7,0,11,2,5,27,5,14,2,25,11,31,9,8,11,6,3,18,7,8,18,9,0,6,20,1,25,23,12,6,42,32,7,16,12,10,24,9,3,5,16,12,24,10,5,9,19,4,3,5,7,7,16,15,8,9,13,7,5,1,2,11,9,11,14,28,15,25,27,10,21,11,13,7,44,9,10,15,10,23,10,13,7,1,4,1,8,22,15,2,4,11,17,6
3,0,0,1,3,0,2,4,0,0,0,4,2,0,2,0,0,1,5,0,2,8,0,0,2,2,0,2,2,0,0,0,0,1,0,0,0,1,0,0,1,0,0,0,1,5,0,0,0,0,0,0,0,0,0,0,0,0,0,1,0,2,0,0,0,0,0,0,1,0,0,0,0,0,2,1,0,2,0,0,0,0,0,0,0,0,0,3,0,0,0,0,1,0,0,0,13,0,0,0,0,2,0,1,4,0,1,1,0,0,0,5,2,0,2,0,0,0,0,0,1,0,0,3,0,0,2,0,0,8,0,0,1,0,0,6,0,0,0,0,0,0,1,0,1,0,0,18,1,0,5,0,0,3,4,0,1,0,0,1,1,0,0,0,0,0,0,0,0,0,1,0,0,0,0,4,4,1,1,1,2,0,0,2,1,2,0,0,0,0,0,6,0,0,3,1,0,0,0,0
4,1,2,3,0,0,5,0,2,1,1,3,11,3,4,8,2,3,0,2,4,0,2,0,1,0,22,3,4,2,8,5,2,2,1,0,2,4,4,1,1,3,0,0,0,0,2,3,2,3,5,1,3,3,1,1,3,0,4,1,2,0,2,1,2,4,1,0,0,2,3,0,0,2,2,2,0,2,5,7,76,2,2,4,2,0,3,3,6,2,0,0,1,1,3,2,5,1,7,0,2,0,0,2,3,3,0,10,0,5,1,3,1,3,1,0,3,21,0,0,1,1,0,3,4,1,4,35,8,2,3,0,2,3,0,1,1,5,2,0,3,3,1,0,0,0,5,6,0,9,1,0,1,2,1,0,1,0,1,0,1,0,0,0,1,12,8,2,2,1,4,4,3,1,0,3,5,3,4,5,5,1,2,0,0,0,2,7,0,0,1,2,0,3,2,3,1,0,3,0
0,0,0,1,0,1,0,0,0,0,1,3,0,2,1,1,0,5,0,0,2,0,0,0,0,0,0,1,1,1,1,5,2,1,0,1,2,0,1,1,0,0,0,0,1,0,1,0,0,0,2,0,1,0,0,0,5,1,0,1,1,1,1,0,0,0,1,2,2,1,2,0,1,1,1,2,0,4,2,4,0,0,0,1,4,0,0,2,1,4,3,3,0,1,1,0,1,3,0,0,1,3,0,2,2,0,2,2,3,1,0,1,2,2,1,6,6,2,1,0,1,0,0,0,1,3,1,1,0,0,1,1,1,0,2,1,0,0,0,2,0,0,0,0,65,3,0,0,4,3,0,1,6,0,3,4,3,1,0,0,1,1,0,0,0,0,0,2,0,0,3,2,1,0,0,0,2,5,2,1,3,0,4,2,0,1,1,0,0,0,0,4,0,1,0,0,0,1,1,1
15,17,5,7,3,6,15,3,6,14,3,5,23,9,1,10,10,8,1,11,5,2,6,0,5,11,19,9,14,2,5,6,13,0,2,8,2,2,13,2,0,8,7,0,14,5,11,6,4,16,1,7,17,57,3,5,5,3,13,6,8,5,7,11,0,3,13,7,7,6,0,25,3,12,2,8,6,2,5,6,234,14,2,6,5,0,2,5,2,19,9,9,2,10,8,3,6,4,19,4,7,4,0,14,6,11,7,5,2,6,9,2,0,5,12,0,4,111,1,2,7,23,2,9,9,6,9,14,16,10,3,17,11,1,20,15,6,1,2,8,12,2,27,7,0,3,12,10,5,37,0,18,6,11,6,10,6,7,1,5,4,7,1,3,1,12,3,3,7,14,19,9,14,11,19,2,16,8,5,13,11,15,7,4,6,7,1,39,0,6,0,4,17,2,33,10,7,7,7,6
19,5,8,11,0,9,18,6,7,11,0,1,29,8,0,14,7,10,9,9,3,0,3,2,2,5,13,5,9,4,6,7,6,1,1,2,0,8,14,1,6,5,5,0,7,0,0,11,10,1,7,1,12,7,7,4,4,3,12,9,12,10,9,6,5,6,6,3,2,15,3,9,1,9,3,3,2,17,9,15,329,3,1,1,7,2,3,4,2,18,12,10,0,4,9,5,5,6,57,4,3,2,2,5,4,3,2,10,7,3,6,3,1,2,1,2,4,121,6,3,5,33,6,16,4,5,19,44,23,6,1,5,15,1,0,17,3,6,16,3,3,2,11,0,2,4,2,11,8,10,2,12,13,7,6,7,4,9,4,3,6,3,4,2,3,98,1,8,12,6,2,7,2,7,8,7,13,3,4,16,11,6,8,0,6,13,2,25,3,11,1,3,16,8,7,6,12,0,9,13
5,5,10,20,3,14,10,9,8,20,6,4,6,6,60,16,12,7,7,1,8,21,12,3,8,5,0,13,30,7,22,25,10,8,4,39,5,6,8,14,14,13,4,3,5,26,16,4,20,27,28,12,27,29,24,9,12,8,8,7,8,14,6,13,2,4,8,7,7,19,10,20,5,9,8,3,10,11,6,7,2,12,5,7,9,23,3,1,9,18,6,13,5,4,17,9,2,13,0,6,11,9,16,13,15,9,4,2,9,5,2,8,1,4,4,16,2,3,10,10,31,7,20,11,14,8,0,4,0,10,11,0,36,16,4,2,19,12,14,13,8,10,18,10,0,8,28,11,19,8,17,11,4,6,6,9,1,17,14,22,11,9,45,6,9,0,0,4,10,8,4,65,20,14,24,8,16,4,15,4,34,14,6,102,6,20,11,22,27,0,7,19,10,7,26,2,13,10,12,6
4,0,0,0,4,0,0,0,0,0,0,0,0,0,0,0,0,0,1,0,1,1,0,0,0,0,0,0,2,0,0,0,0,0,0,0,0,0,0,0,0,0,0,0,0,0,0,0,0,0,0,0,0,0,0,2,1,0,0,0,1,0,0,0,0,0,0,1,0,0,0,1,1,0,0,0,1,0,0,0,0,0,0,0,0,0,0,2,0,0,0,0,0,0,0,1,2,0,0,0,1,0,0,0,0,0,0,0,0,0,1,0,1,0,0,0,0,0,0,0,0,0,0,0,1,0,0,0,0,0,0,0,0,0,1,0,0,1,1,0,1,0,0,0,0,1,0,7,0,0,0,0,0,0,0,0,1,0,0,0,0,0,0,0,0,0,0,0,0,0,1,0,1,0,0,0,0,2,0,0,1,0,0,0,0,0,0,0,0,0,0,3,1,0,1,0,0,0,0,0
0,0,0,0,0,0,0,1,0,0,0,0,0,0,0,0,0,1,2,0,9,1,1,0,1,0,0,0,0,0,0,4,0,0,0,0,3,1,0,0,0,0,0,0,0,0,1,0,0,0,1,0,3,0,0,0,2,0,0,0,1,1,0,0,0,1,4,0,0,0,2,0,0,0,0,0,1,0,0,2,0,2,0,0,1,0,1,3,0,0,0,0,1,0,1,0,4,0,0,0,0,0,0,0,0,0,0,9,0,0,0,1,0,1,1,1,1,0,0,0,0,0,0,0,0,0,2,0,0,0,0,0,0,0,0,0,41,0,1,0,0,0,1,0,1,5,0,0,0,0,0,0,0,0,1,0,0,0,0,0,0,0,0,0,0,0,0,0,0,0,0,0,0,0,0,0,0,0,0,0,0,0,1,0,0,2,0,0,0,0,0,0,0,1,0,0,0,0,0,0
5,4,0,2,0,5,1,3,3,1,5,0,1,4,0,2,4,0,5,11,4,1,3,0,5,3,2,3,12,0,7,26,3,10,5,20,6,1,2,2,1,6,2,2,6,0,5,3,12,19,6,6,6,2,3,0,2,5,6,3,5,5,5,8,0,3,1,5,11,3,1,4,3,2,3,2,1,10,2,2,1,6,1,4,3,0,9,10,3,3,0,3,10,6,4,2,4,4,9,4,4,5,7,2,3,4,1,1,2,4,2,0,5,7,3,17,1,10,4,1,2,2,4,0,5,4,4,1,0,1,2,5,4,5,36,2,1,12,11,4,10,10,2,1,0,4,7,9,4,9,2,3,3,6,11,7,6,8,1,15,2,2,5,3,0,0,0,3,3,4,1,6,8,7,8,1,7,2,1,3,6,1,0,10,3,7,1,5,24,8,0,4,5,4,5,0,0,4,9,2
0,1,0,0,1,0,0,0,1,1,0,1,1,4,0,1,0,1,8,1,1,1,1,0,5,0,0,0,0,0,0,0,2,1,4,19,0,3,10,0,6,0,0,0,4,0,0,0,0,0,0,1,4,0,0,1,25,0,2,1,2,2,2,2,0,0,3,5,3,0,2,1,1,1,0,0,2,0,0,1,0,0,0,3,1,0,4,2,2,4,1,2,0,0,2,2,5,1,0,1,2,4,0,1,0,0,1,1,0,0,0,0,10,1,0,1,3,0,1,0,0,0,0,2,1,0,1,0,0,1,0,2,0,0,4,0,14,0,0,1,3,1,6,0,0,2,3,5,1,4,1,0,0,0,0,5,1,0,0,0,0,0,4,1,2,0,0,1,0,1,2,4,1,4,0,4,3,0,9,1,1,0,3,4,0,0,2,0,0,0,0,7,2,1,3,2,3,5,2,2
15,9,23,35,15,17,31,23,26,24,2,7,37,26,15,16,20,9,11,21,10,54,12,2,6,17,17,17,20,23,26,28,26,8,12,11,25,5,15,4,10,23,32,16,27,12,24,26,36,35,19,10,33,22,10,9,18,5,27,24,16,17,26,26,4,10,21,20,17,32,11,34,9,13,29,13,21,17,8,21,419,26,11,9,16,9,6,14,5,35,12,28,12,16,17,24,22,48,111,5,14,17,10,22,11,21,10,8,12,10,12,10,6,14,5,14,8,215,12,9,3,29,17,57,19,12,16,59,40,33,17,12,56,10,19,17,18,10,24,15,25,13,26,7,6,13,18,62,30,50,16,27,47,14,9,8,8,16,7,33,25,12,3,15,15,47,27,14,54,17,8,60,27,20,41,8,30,3,23,24,56,14,18,20,13,34,2,73,8,48,2,14,24,15,41,8,14,11,32,14
6,5,5,4,2,11,3,4,8,9,2,3,11,4,9,6,1,9,18,5,7,6,4,8,5,8,2,15,36,2,13,11,18,2,5,3,27,2,10,5,34,4,4,4,10,4,10,8,16,18,23,9,21,7,3,6,10,0,3,8,11,9,7,15,5,12,3,8,3,24,9,15,6,16,5,7,13,14,12,14,8,6,19,6,5,0,11,7,12,7,9,5,8,6,35,6,47,5,4,6,7,8,9,12,3,18,3,12,7,6,5,5,4,11,4,7,10,54,3,0,7,16,7,9,21,11,5,9,0,12,7,25,15,12,7,16,77,3,11,10,20,7,23,14,3,16,9,7,7,8,7,8,0,9,1,12,4,5,18,11,11,7,7,4,8,1,6,5,10,9,13,13,14,204,55,12,13,9,14,5,12,5,3,6,3,4,3,22,1,2,3,7,7,5,19,2,11,9,10,4
2,4,3,2,1,3,5,4,1,1,3,1,2,14,2,7,7,1,3,1,0,5,8,0,1,2,10,4,2,3,0,3,1,2,3,0,0,0,3,0,0,4,1,2,2,2,9,1,1,0,3,3,2,5,0,2,1,0,2,4,5,2,2,3,0,0,8,3,0,2,0,4,6,1,0,3,0,6,3,2,53,5,4,6,3,1,1,3,6,7,2,1,0,3,1,5,3,2,4,0,2,3,2,3,7,1,4,1,0,6,2,5,0,1,0,0,2,54,0,2,1,2,0,4,4,6,6,6,2,2,4,2,2,1,0,0,0,1,0,0,4,0,13,0,0,5,0,14,4,7,0,1,4,0,0,5,0,1,3,1,0,6,0,6,4,21,0,2,3,7,1,11,4,3,4,2,5,0,1,9,11,2,1,1,0,2,4,17,2,1,0,12,3,2,2,2,6,3,2,1
1,0,0,6,0,2,3,3,3,4,9,0,5,0,23,5,3,2,3,1,1,9,5,2,0,2,5,2,1,0,0,16,4,5,0,0,5,2,3,0,3,1,3,1,2,5,2,7,1,0,0,5,3,4,0,4,1,3,0,2,6,3,5,1,30,21,1,2,1,0,2,2,1,2,15,1,3,1,0,5,0,3,2,4,4,0,0,0,1,2,1,1,0,4,3,3,1,3,0,1,1,4,2,4,5,4,1,2,2,6,3,0,4,2,2,2,1,0,3,3,0,0,2,9,0,1,4,2,0,3,1,9,3,1,0,0,1,1,2,1,4,1,4,2,1,8,3,1,1,1,4,3,0,1,3,2,0,1,5,6,2,2,6,0,7,0,0,1,0,2,0,5,6,4,4,1,3,1,4,0,30,0,5,4,1,2,6,3,5,0,0,5,1,1,5,2,1,1,3,3
9,1,0,3,0,1,1,2,2,6,2,5,0,5,0,6,0,3,4,0,1,0,0,0,2,2,0,1,3,1,0,0,6,1,0,31,0,2,11,0,0,4,1,0,4,0,0,4,5,0,0,0,7,0,0,0,3,2,4,1,5,5,6,1,0,0,2,3,4,4,0,3,0,1,0,4,0,2,1,6,10,13,0,5,1,0,2,0,1,1,3,4,0,1,0,0,0,4,0,0,2,0,0,5,0,1,0,1,4,2,1,1,1,2,2,0,3,0,0,0,1,0,0,3,6,1,0,1,0,1,2,0,7,1,4,0,0,0,0,0,3,3,1,0,0,0,13,1,3,0,0,2,0,1,0,0,4,3,1,2,4,3,1,0,0,0,0,1,0,1,0,8,6,2,11,3,4,0,1,0,0,0,2,2,2,4,9,0,1,1,0,0,3,6,3,0,0,9,2,4
0,0,0,2,1,0,0,0,0,1,0,2,1,2,0,1,1,1,1,0,2,0,3,0,1,1,0,2,1,0,0,2,2,0,3,15,1,7,1,0,1,2,0,0,4,0,0,0,0,0,0,1,3,0,0,0,7,2,0,3,3,0,1,0,0,0,3,2,2,2,3,0,3,1,0,2,1,0,0,0,3,2,0,3,2,0,4,0,4,2,1,2,0,1,1,0,3,5,0,0,2,2,0,0,0,2,1,4,0,1,0,1,5,1,2,0,1,0,1,1,2,0,1,1,2,0,0,0,0,4,0,1,2,0,7,1,9,1,0,1,2,8,4,1,2,1,0,6,0,3,1,2,0,1,1,8,2,2,1,0,0,5,2,0,4,0,0,2,0,2,2,0,5,1,0,0,2,3,5,0,1,0,2,0,2,0,1,1,0,1,0,7,2,2,0,1,0,1,5,5
1,0,0,1,0,1,0,0,1,2,0,1,1,1,0,0,0,3,2,0,0,0,0,0,1,0,0,2,1,0,0,0,1,0,2,1,2,6,0,0,0,0,0,0,0,0,1,0,0,0,0,0,1,0,0,1,1,1,0,2,1,1,1,0,1,0,0,0,0,1,2,2,0,0,0,2,0,1,1,0,0,0,0,0,2,0,0,4,2,0,0,0,1,1,0,2,3,0,0,0,1,0,0,1,0,2,1,1,1,0,2,0,0,0,1,1,0,9,0,0,1,0,0,1,1,0,0,0,0,0,0,3,0,0,1,0,7,0,1,1,3,1,2,0,1,2,0,2,0,1,0,0,0,0,0,3,0,1,1,0,0,0,0,0,0,0,0,1,0,1,3,0,1,0,0,3,0,1,0,0,0,0,1,0,0,0,1,0,0,0,0,1,0,1,3,0,0,1,1,1
2,1,1,0,3,0,1,2,1,3,1,1,0,0,0,2,5,1,4,2,1,0,2,0,2,0,10,0,1,7,0,8,3,0,1,0,3,2,0,2,1,0,3,0,6,0,3,2,2,0,1,1,1,3,0,0,2,1,2,0,0,1,1,4,0,6,0,12,3,1,0,2,1,0,5,2,2,0,0,0,3,0,0,3,0,0,0,4,0,3,0,0,1,1,2,2,1,2,6,1,0,2,3,1,2,0,2,0,0,2,0,0,0,8,1,3,0,17,0,6,1,3,2,4,0,6,2,1,0,0,1,1,0,1,2,0,2,1,3,4,4,2,2,1,1,5,2,2,5,1,8,4,0,1,1,3,1,0,1,1,2,0,3,1,0,0,1,2,0,0,0,4,3,0,2,1,1,1,0,0,25,0,0,0,2,0,0,1,0,5,0,30,0,1,3,0,0,1,1,1
0,0,0,2,0,0,0,0,0,0,0,1,3,2,2,0,0,0,1,0,1,0,0,0,0,0,0,0,0,1,0,1,0,0,0,0,1,0,1,0,0,0,0,1,0,0,0,0,0,0,0,2,0,3,0,0,0,0,0,0,0,0,0,1,0,0,0,0,0,0,0,1,0,0,0,0,0,0,0,0,8,1,0,0,0,0,0,0,0,1,1,0,0,0,0,1,0,0,2,0,0,0,0,1,1,1,1,2,1,0,0,0,3,1,0,0,0,2,0,1,0,1,0,1,0,3,0,6,2,3,0,0,2,0,0,1,0,0,0,0,0,1,1,0,0,0,0,0,0,6,0,1,0,0,5,3,0,1,0,0,0,0,0,0,0,1,2,0,6,1,1,0,1,1,0,0,0,1,0,1,0,0,0,0,3,0,0,6,0,1,0,0,0,0,0,0,1,1,2,0
0,2,0,2,0,2,2,1,2,0,2,0,3,0,5,3,1,1,0,0,0,0,0,0,3,0,2,0,1,2,1,2,0,1,0,1,14,2,0,0,4,0,0,0,0,1,4,0,0,0,2,2,1,3,0,7,0,0,0,0,0,1,0,1,6,6,2,1,1,2,5,2,1,2,6,2,0,1,1,2,1,1,3,0,0,0,1,0,1,1,2,0,0,3,3,0,4,8,0,0,0,1,0,2,4,2,0,0,0,0,1,1,0,0,1,1,0,1,0,0,0,0,1,7,0,4,2,0,0,1,2,1,2,1,0,0,1,0,2,2,1,1,1,0,2,1,0,2,1,0,3,0,0,2,0,2,0,0,1,0,3,5,0,0,0,2,1,2,0,0,6,1,0,0,0,0,2,1,7,1,2,0,2,6,0,8,1,3,0,0,0,5,1,2,3,0,2,1,2,4
8,3,0,4,0,2,3,6,4,10,0,2,1,10,0,7,10,8,2,0,3,0,0,0,5,2,10,2,3,1,0,1,2,1,3,1,0,1,7,4,0,0,0,0,2,1,8,1,1,0,0,4,7,1,2,4,2,2,4,7,8,6,6,2,1,0,8,11,0,3,1,6,4,8,0,8,0,3,6,2,155,10,0,4,11,0,0,6,4,5,1,2,0,4,6,1,2,5,17,0,11,5,0,3,0,11,1,6,4,1,0,5,4,1,1,1,1,3,0,3,2,0,3,6,4,3,0,70,37,5,0,2,15,1,1,2,1,0,1,0,7,0,3,0,0,7,7,0,2,5,1,3,3,8,0,14,2,0,0,1,1,2,0,4,1,2,0,5,2,9,5,4,5,0,2,5,6,4,0,14,0,0,2,0,8,1,0,5,1,1,0,1,5,2,10,3,3,0,0,5
5,4,0,1,0,2,5,1,1,7,0,1,6,1,0,4,2,9,5,1,18,1,2,1,1,0,0,5,2,0,0,7,3,7,1,0,57,5,1,0,1,2,8,0,3,0,0,2,0,0,4,3,1,1,0,4,3,4,2,3,1,1,0,3,12,10,0,5,1,0,5,1,2,1,28,8,0,3,2,4,3,0,10,2,2,0,9,2,3,2,1,1,4,1,3,0,5,4,0,0,2,5,6,2,17,2,2,6,2,3,0,2,4,9,1,9,1,2,1,1,3,0,0,1,2,5,4,4,1,2,0,12,1,3,1,3,12,0,3,0,4,17,7,0,2,30,0,1,3,3,3,3,0,0,0,3,7,0,1,0,0,2,1,1,0,0,0,1,3,2,2,1,2,6,1,0,3,3,19,11,9,2,2,0,4,1,3,1,1,0,13,41,5,5,0,2,1,1,8,4
12,10,10,16,15,21,13,27,15,23,5,35,9,21,29,23,20,5,31,8,13,123,26,6,8,11,10,15,39,11,47,17,24,4,71,9,10,8,17,22,8,18,11,15,31,36,101,28,70,83,47,11,20,18,41,25,10,10,21,14,14,23,24,16,5,18,20,13,19,36,21,33,32,15,8,20,24,20,10,11,14,25,37,7,11,26,14,9,19,27,6,11,13,23,21,26,21,28,3,12,15,11,47,25,9,14,13,10,18,29,1,5,5,7,12,24,7,3,8,9,28,4,16,12,25,19,8,4,3,20,10,11,93,20,9,6,17,14,20,11,29,44,31,14,11,15,22,80,18,10,11,30,4,12,13,15,14,16,9,37,45,13,27,47,14,5,5,9,15,10,8,102,59,66,151,17,25,19,19,16,76,14,18,31,10,19,22,75,20,18,8,2,20,7,58,8,8,22,23,23
0,3,0,0,0,2,0,4,4,6,0,0,0,1,3,0,1,0,1,0,0,22,3,8,0,0,0,0,0,1,1,6,1,1,0,0,7,1,1,0,1,0,2,1,1,0,2,2,1,1,1,2,0,0,0,0,1,0,0,1,2,0,0,1,17,25,0,0,1,0,6,0,0,1,11,0,0,1,1,7,0,2,0,1,2,0,1,0,1,1,0,0,1,0,0,0,2,1,0,0,0,1,1,1,0,2,1,1,2,1,0,11,1,4,0,2,1,0,0,6,0,0,1,0,1,0,0,0,0,2,3,6,4,8,0,0,2,5,1,0,0,1,3,0,0,1,0,0,0,1,1,1,0,0,3,0,2,0,0,1,3,0,4,0,0,0,0,0,1,0,0,1,0,0,1,2,2,0,9,1,25,2,1,3,0,1,0,16,0,0,1,0,1,1,0,2,1,0,4,2
0,2,0,0,0,0,0,0,2,1,0,0,1,0,0,1,1,0,0,0,1,0,0,0,1,0,0,0,0,0,0,0,0,1,0,0,0,2,0,0,2,0,0,0,1,0,0,0,0,0,0,2,1,2,1,0,0,4,1,0,0,1,0,2,0,0,0,0,1,0,0,1,0,1,0,1,1,0,0,2,9,1,0,1,0,0,0,0,0,0,2,1,1,0,3,0,1,3,0,1,0,1,0,1,3,1,1,3,0,0,0,0,4,0,0,0,1,8,0,1,1,0,0,0,2,1,0,2,0,1,3,0,1,0,1,1,4,0,1,0,2,0,0,0,0,1,0,0,0,2,0,1,0,0,2,3,0,0,0,0,0,0,1,0,0,0,2,2,1,1,0,3,1,2,2,0,2,0,0,0,0,0,1,0,2,0,0,0,0,1,0,3,0,0,0,2,0,0,0,1
