able,account,actual,add,address,agree,almost,amount,arent,around,article,asset,away,bad,bank,based,basically,believe,benefit,best,bit,bitcoin,block,btc,business,buy,buying,card,care,case,cash,centralized,chain,change,check,code,coin,community,completely,computer,contract,control,cost,country,create,cryptocurrency,currency,current,data,database,decentralized,developer,different,digital,dollar,done,either,else,end,enough,entire,etc,eth,ethereum,ever,everything,exactly,example,exchange,fact,far,fee,feel,financial,find,free,fuck,fucking,future,game,gaming,getting,give,government,guess,hard,id,idea,ill,imagine,instead,internet,issue,item,job,key,kind,le,least,ledger,life,literally,little,love,making,market,may,million,month,name,network,next,nft,nfts,node,number,open,ownership,part,party,pay,person,place,platform,play,player,please,possible,power,price,problem,product,project,proof,public,put,question,read,reason,reddit,removed,run,saying,scam,security,seems,sell,sense,server,service,share,shit,show,single,smart,software,solution,sound,source,start,steam,stock,stop,store,stuff,system,talking,tech,technology,tell,term,thanks,theyre,thought,token,transaction,transfer,true,trust,try,two,understand,us,useful,user,value,video,vote,wallet,whatever,whole,wont,working,world,worth,wouldnt,wrong,yes,yet
11,22,16,4,4,17,5,17,7,24,26,9,9,19,51,13,7,8,8,7,8,31,9,3,14,27,11,13,5,52,16,14,35,9,8,7,9,2,5,5,52,13,10,20,10,35,44,7,31,28,19,9,17,19,11,19,16,9,9,25,15,21,3,17,6,19,13,28,15,20,16,7,7,25,16,8,6,9,12,22,2,13,21,48,1,9,10,16,3,7,16,13,22,40,11,13,15,15,17,31,6,15,9,5,17,25,10,8,3,10,19,7,40,35,6,13,2,47,19,54,19,10,17,6,1,1,3,9,21,18,100,27,14,25,5,16,6,6,13,12,2,15,9,10,11,10,15,12,11,19,3,17,10,16,34,18,44,7,8,6,1,1,5,6,22,64,5,35,30,11,7,5,23,6,25,90,16,5,49,9,12,20,6,13,16,34,7,0,14,6,14,11,2,49,12,6,7,16,11
8,16,14,8,1,11,10,8,13,8,11,8,7,23,33,3,8,2,5,13,6,36,19,4,15,12,9,4,7,39,8,25,32,11,5,16,3,2,5,9,19,8,19,1,10,20,27,10,39,45,17,4,7,7,0,19,16,14,15,17,5,21,4,12,9,20,12,17,11,14,21,8,7,2,13,8,5,4,5,6,1,8,14,11,4,11,13,31,9,11,19,10,13,1,6,8,10,14,15,31,16,10,9,4,10,5,8,6,1,1,17,4,3,5,10,13,5,0,21,24,19,6,8,6,3,1,6,10,9,3,98,11,8,16,13,8,15,9,26,1,7,14,20,12,9,14,4,18,20,8,0,14,3,8,13,13,58,14,6,10,0,5,5,6,7,74,21,15,31,6,10,8,16,7,2,75,7,6,29,11,24,19,20,20,10,18,2,14,16,8,13,13,4,22,7,13,11,20,11
5,4,6,5,7,7,4,2,6,11,1,21,1,3,32,5,6,2,3,2,2,9,9,1,13,9,1,3,6,34,5,10,23,14,2,5,2,1,6,2,26,6,10,15,12,4,18,8,47,32,28,2,13,28,1,9,1,6,3,6,3,17,3,9,4,6,7,30,14,5,4,3,4,12,5,10,2,1,5,5,1,2,10,16,2,7,5,7,4,3,5,14,10,3,4,6,9,4,2,13,4,7,3,3,3,8,8,3,2,1,11,3,6,2,3,2,6,9,6,35,10,11,4,3,1,2,2,10,4,0,60,2,4,9,23,1,7,2,4,3,0,5,6,1,6,1,1,4,1,20,3,1,9,6,21,6,12,3,2,5,0,4,6,16,4,32,7,11,26,4,4,1,6,1,6,49,12,2,48,4,8,10,7,6,7,11,2,1,15,3,2,2,2,15,1,1,3,6,3
1,0,1,1,0,0,1,0,0,1,1,0,1,1,0,4,0,3,0,1,0,0,0,0,0,1,0,0,0,2,1,0,2,1,1,3,1,0,0,0,1,0,0,3,0,1,1,0,3,0,0,18,2,0,1,1,1,0,2,3,0,2,0,0,1,2,1,1,0,0,1,0,0,0,2,4,1,1,1,0,0,3,0,0,2,2,1,0,7,0,0,1,0,0,17,0,2,1,1,0,3,0,1,0,3,5,1,7,1,0,0,2,0,0,0,4,0,0,0,1,7,1,0,0,0,0,0,2,0,3,2,0,5,0,0,1,0,1,0,1,0,1,0,2,1,1,2,2,0,0,1,2,0,0,2,9,0,0,0,4,0,0,0,0,2,1,0,1,0,0,1,0,2,0,3,0,0,1,0,1,1,0,0,0,0,0,0,0,0,3,1,2,3,1,0,0,0,3,0
0,0,0,0,0,0,0,0,0,0,0,0,0,0,0,0,0,0,0,0,0,1,0,0,0,0,0,0,0,1,0,0,0,1,0,1,0,1,0,0,1,0,0,0,0,0,0,0,0,0,0,2,0,0,0,0,0,0,0,0,0,0,0,1,1,1,0,0,1,1,1,0,0,0,0,0,0,0,0,0,0,0,0,0,0,0,0,0,0,0,0,0,0,0,1,0,0,0,0,0,0,0,0,0,0,1,0,0,1,0,0,1,0,0,0,0,0,0,0,0,0,0,0,0,0,1,1,0,0,0,1,0,0,0,0,0,1,0,0,0,0,0,0,0,0,0,0,0,0,0,0,0,0,0,1,0,0,0,0,0,0,0,0,0,0,0,0,1,0,0,0,1,0,0,0,0,0,0,0,0,0,0,0,0,0,0,0,0,0,0,0,1,0,0,0,0,0,0,0
0,0,1,0,0,0,0,0,0,0,0,0,0,0,0,0,0,0,0,0,0,2,3,0,0,0,0,0,0,0,0,0,3,0,2,2,0,0,1,0,0,0,0,0,0,0,0,2,0,0,0,0,0,0,0,0,0,0,0,0,0,1,0,0,0,0,0,0,0,0,0,0,0,0,0,1,0,0,0,0,0,0,0,0,1,2,0,1,0,0,0,0,1,0,0,0,0,0,0,0,0,0,0,0,0,0,0,0,0,0,0,0,0,0,0,0,0,1,1,0,0,0,0,0,0,0,0,0,0,0,0,0,2,0,0,1,0,2,0,0,0,1,0,0,0,0,0,0,0,0,0,0,0,0,0,0,0,0,0,0,0,0,0,0,2,1,0,1,0,0,0,0,0,0,0,0,0,0,0,1,0,2,0,0,0,0,1,0,0,0,0,0,1,0,0,0,0,0,0
2,1,7,1,1,5,2,6,5,5,1,0,4,3,10,1,5,8,0,6,1,16,19,2,2,3,2,2,2,27,1,2,16,14,1,6,13,1,5,7,5,11,12,13,3,1,28,6,17,11,7,1,7,8,12,7,4,2,1,9,2,1,0,0,0,2,0,13,1,6,4,3,2,3,6,5,1,0,31,2,1,2,3,15,3,11,6,7,2,4,2,15,1,0,7,0,3,8,9,4,8,7,1,5,13,3,3,2,3,5,12,4,1,1,1,2,2,1,8,1,3,5,4,2,0,3,4,6,17,7,27,3,0,1,10,3,4,2,9,4,0,2,4,5,7,5,2,7,3,3,0,3,0,2,8,0,8,0,1,3,0,3,1,3,3,6,9,9,31,1,9,1,3,0,1,13,2,6,7,4,1,13,14,13,6,14,2,1,2,9,3,0,1,21,5,6,3,7,2
1,0,0,1,1,1,0,2,0,0,3,3,2,0,1,0,1,0,2,1,1,0,1,0,1,3,0,0,0,8,0,1,7,0,2,0,1,0,1,0,8,3,3,2,2,0,2,1,5,0,8,6,2,9,0,0,0,0,1,1,0,6,1,5,0,0,1,3,1,0,0,1,1,1,0,1,0,0,1,1,0,2,1,4,0,0,1,4,0,0,2,2,1,1,0,1,2,2,1,2,0,0,0,0,0,0,1,0,0,1,2,1,7,6,0,1,5,4,0,0,1,1,2,5,0,0,1,0,0,3,0,3,4,2,5,1,1,0,0,3,0,1,0,2,2,0,2,1,0,7,0,0,2,1,6,1,0,0,2,1,0,0,1,3,1,5,0,5,6,0,0,5,0,0,2,5,3,0,0,1,0,1,0,0,0,2,1,0,2,0,1,1,1,4,1,0,0,0,0
0,0,0,0,0,0,0,3,0,0,0,0,0,0,0,0,2,1,0,0,0,0,1,0,0,0,0,0,0,0,0,0,1,1,0,0,2,0,0,3,0,0,0,0,0,4,4,0,4,2,0,0,1,0,0,0,0,0,1,1,1,0,0,0,0,0,0,0,0,0,0,1,1,0,0,0,0,0,0,0,0,0,0,0,0,0,0,0,0,0,1,0,4,0,0,0,0,0,0,0,0,0,0,0,0,0,0,0,0,0,4,0,0,0,0,0,0,0,0,0,0,0,0,0,0,0,0,0,1,0,1,0,0,0,1,0,0,0,0,0,0,0,0,0,0,0,0,0,4,1,0,0,0,0,0,0,1,0,2,0,0,0,0,0,0,1,0,0,3,0,0,1,0,1,0,4,0,0,0,0,1,1,2,0,1,2,0,0,0,0,1,0,0,0,0,0,0,1,0
0,0,1,0,0,0,4,0,1,1,0,1,0,2,0,1,2,0,0,0,3,0,0,0,5,0,0,0,1,1,0,0,2,0,0,2,0,1,0,0,1,0,0,1,0,2,2,1,0,0,1,4,3,0,0,0,0,0,3,2,0,3,0,0,0,0,1,0,0,0,0,0,0,1,2,0,0,0,1,0,0,0,0,0,0,0,1,1,0,0,0,1,1,0,6,1,0,2,2,1,0,1,3,0,0,5,3,0,0,0,1,0,0,1,0,0,0,0,0,0,4,1,0,1,0,0,1,2,1,0,2,2,3,0,1,0,0,0,0,0,1,0,0,0,2,0,0,0,1,2,0,0,0,0,2,4,1,0,0,0,0,0,0,1,1,2,0,1,2,0,0,3,0,0,0,0,0,1,4,1,0,1,0,3,0,2,1,1,0,0,3,1,2,4,1,1,0,1,3
9,18,8,4,1,4,4,8,11,15,25,1,8,10,14,8,8,6,3,8,25,84,42,6,1,8,4,4,3,15,12,12,21,16,8,4,19,2,2,17,0,26,12,11,3,5,8,2,11,3,17,3,5,0,15,14,4,4,10,15,9,7,2,15,12,5,4,9,4,9,12,7,8,7,14,4,6,10,5,7,0,7,9,14,5,17,10,11,6,10,9,58,19,0,1,8,4,5,10,10,4,6,7,3,9,16,5,15,4,4,54,7,5,2,48,21,5,1,12,2,7,6,5,1,3,4,0,12,25,7,40,2,5,29,11,4,5,19,13,4,11,13,6,4,23,10,5,3,9,13,3,18,5,5,2,18,23,7,7,5,0,2,5,0,1,35,11,5,9,9,7,2,10,6,0,56,2,7,11,4,5,9,3,11,16,23,3,0,13,6,12,11,8,18,5,8,4,16,6
4,3,5,9,21,9,3,12,5,9,5,2,7,4,7,7,10,7,5,3,3,42,34,2,11,2,1,0,1,26,4,9,44,4,6,8,10,0,0,7,11,11,14,2,4,12,19,8,33,18,19,2,11,3,4,8,3,6,5,8,0,4,0,5,6,9,8,8,5,7,3,2,5,9,7,2,6,7,5,3,0,4,9,1,4,1,7,9,3,5,8,6,12,2,4,7,5,7,6,12,3,4,4,4,8,6,2,0,2,11,21,15,0,0,20,4,6,1,14,6,7,7,5,1,3,0,4,4,10,9,36,14,6,18,10,9,3,3,9,4,4,2,8,9,8,8,3,6,10,11,2,7,1,4,10,8,21,6,4,2,1,3,1,5,2,20,8,9,20,6,4,3,5,2,2,45,3,5,27,6,5,13,10,12,4,12,1,5,6,2,9,6,4,20,4,6,10,26,5
2,0,3,3,1,2,6,5,3,5,2,0,2,4,4,2,3,5,0,8,1,12,1,9,3,10,5,0,15,3,2,14,36,2,2,0,41,4,3,1,1,0,1,0,0,1,6,1,3,2,3,0,3,0,4,3,3,9,6,2,2,1,41,10,4,2,2,2,2,2,2,12,6,4,1,3,3,2,10,4,0,2,4,0,3,1,1,3,7,6,1,2,17,0,1,1,3,1,3,0,4,4,4,11,9,21,0,1,10,0,19,6,2,2,1,4,1,0,3,0,1,4,1,2,0,0,7,1,0,31,5,5,16,4,1,3,1,2,7,5,0,9,6,6,2,4,6,3,0,2,0,18,3,7,4,4,2,3,2,2,0,3,7,3,2,2,8,20,1,10,3,4,11,3,7,9,3,6,0,6,5,5,3,0,7,9,0,0,2,0,3,4,5,4,2,2,4,6,7
0,2,4,1,0,2,1,0,3,1,1,0,0,4,4,1,2,2,0,0,2,6,6,0,1,0,0,4,1,1,0,2,3,3,2,5,0,2,0,0,1,0,0,1,1,0,1,1,0,6,2,3,1,0,0,1,1,1,1,3,1,4,0,2,2,0,0,0,1,2,21,1,2,1,2,2,2,0,0,2,0,1,0,3,2,0,1,1,0,1,2,2,3,1,4,0,2,0,1,0,0,1,0,3,4,1,2,0,0,2,2,0,0,0,0,1,0,0,0,5,0,4,3,1,0,0,2,1,2,0,3,1,0,11,0,1,4,7,2,3,6,2,2,0,1,1,0,1,5,2,0,2,0,0,1,0,1,0,0,5,0,0,0,0,3,4,0,2,0,2,3,0,5,1,2,4,0,1,2,0,1,2,2,1,0,1,1,5,0,0,0,0,1,2,1,0,1,2,0
5,6,2,1,0,1,0,1,0,0,2,2,0,1,0,4,2,1,2,6,3,0,2,0,4,12,3,5,1,3,0,0,3,2,5,2,3,0,3,2,0,1,2,0,6,0,6,2,3,1,0,4,8,21,2,4,2,4,2,2,3,5,0,0,6,7,3,3,4,4,2,0,3,1,2,4,8,4,6,51,7,1,5,2,0,1,4,7,7,5,2,3,3,17,2,4,3,3,1,0,2,3,1,8,3,18,2,2,6,1,1,6,36,9,0,3,3,0,3,4,0,3,4,9,3,1,3,3,1,4,0,1,0,1,0,1,1,22,5,1,1,1,1,0,0,3,7,0,0,1,7,6,6,3,0,0,0,2,0,3,1,10,2,2,9,2,3,6,6,2,3,8,8,6,3,2,0,4,0,3,6,4,0,1,3,3,6,0,2,3,2,2,4,8,4,8,3,4,3
11,6,7,8,0,11,12,5,6,9,3,1,6,4,3,3,13,3,1,6,3,3,3,0,14,28,12,2,8,11,3,6,4,8,6,7,3,0,3,0,17,4,17,0,7,1,0,5,1,4,3,0,5,11,8,8,8,7,6,8,4,11,14,4,10,9,4,4,3,2,3,99,4,2,4,2,33,4,6,13,5,14,11,2,3,8,11,11,9,8,5,2,21,3,3,5,9,3,6,1,3,1,5,13,7,29,3,1,4,7,8,8,41,61,0,5,8,4,4,5,25,10,6,11,5,0,2,4,4,43,29,1,8,1,2,15,3,2,12,0,4,5,6,1,0,5,41,2,0,22,0,10,24,1,10,1,10,3,3,8,0,2,4,5,5,10,4,23,12,2,2,4,16,7,7,6,0,10,0,4,5,9,1,0,4,17,2,1,17,9,6,13,6,13,9,7,1,7,4
16,9,7,13,9,11,11,21,14,12,35,6,5,16,29,15,16,7,9,15,9,54,55,2,12,9,3,5,6,52,7,8,54,19,6,13,16,8,15,12,9,14,18,18,4,13,44,8,90,56,14,9,14,16,16,17,15,18,7,14,9,16,0,3,17,15,10,29,13,14,5,7,7,19,12,2,2,9,2,3,1,8,16,25,5,14,11,31,3,5,14,16,13,1,6,26,10,10,8,25,7,11,14,8,12,8,11,9,3,7,14,10,0,0,7,19,7,5,19,16,9,6,4,4,0,4,2,15,20,6,81,5,21,34,20,8,3,13,21,4,8,12,5,2,13,17,12,13,13,7,9,3,7,22,7,18,42,13,9,5,1,6,4,5,15,66,6,28,26,10,7,3,17,11,8,45,10,12,42,13,9,15,8,24,6,15,6,65,2,9,11,7,11,20,4,5,13,17,12
0,0,0,0,0,0,0,0,0,0,0,0,0,0,0,0,0,0,0,0,0,0,1,0,0,0,0,0,0,0,0,0,0,0,0,0,0,0,0,0,0,0,0,0,0,0,0,0,0,0,0,0,1,0,0,0,0,0,0,0,0,0,0,0,0,1,0,0,0,1,0,0,2,0,0,0,0,0,0,0,0,1,0,0,0,0,0,0,0,0,0,0,0,0,0,0,1,0,1,0,0,0,0,1,0,0,0,0,0,0,0,0,0,0,1,0,0,0,1,0,0,0,0,0,0,0,0,1,0,0,0,0,0,0,0,0,0,0,0,0,3,0,0,0,0,0,0,0,0,0,0,0,0,0,0,0,0,0,0,0,0,0,0,0,0,0,0,0,0,0,0,2,0,0,0,0,0,0,0,0,2,0,0,0,0,0,0,0,0,0,0,0,0,0,0,0,0,0,0
21,14,13,13,3,6,15,17,17,18,27,8,8,14,64,3,10,5,9,4,4,129,57,16,22,25,2,24,9,30,35,15,29,24,6,8,4,4,9,17,24,7,11,10,10,10,39,5,31,32,16,9,14,21,11,13,6,10,7,15,5,11,1,8,10,12,11,21,18,12,6,17,8,11,11,6,5,3,8,5,2,23,18,26,2,20,8,16,4,4,22,9,19,12,8,1,6,16,11,16,10,4,5,7,15,15,6,23,6,3,22,6,0,0,13,21,3,4,15,25,17,15,10,4,3,6,6,22,29,13,62,8,12,16,6,6,13,7,15,1,5,18,3,5,6,11,16,15,5,20,3,7,4,15,15,12,28,6,5,3,1,5,7,12,12,69,9,30,36,7,16,2,9,7,15,84,13,9,44,11,10,10,18,19,15,34,1,3,6,4,14,11,7,34,8,10,10,7,13
5,4,12,4,9,3,2,11,9,12,1,0,4,6,5,4,5,7,1,7,5,72,47,53,1,17,2,4,2,11,2,1,10,8,3,1,8,3,8,2,8,0,14,1,1,4,5,6,3,1,1,4,10,0,6,6,7,4,5,5,0,5,89,91,1,0,5,2,41,9,12,32,2,0,7,2,3,1,4,1,0,3,4,0,5,4,7,4,3,0,5,0,6,0,1,2,1,14,5,5,1,3,2,3,4,19,3,5,5,0,22,2,0,0,13,16,3,0,13,0,11,1,4,10,1,0,5,5,0,31,18,1,4,9,0,3,6,9,4,5,1,5,3,1,7,9,6,5,2,1,2,5,12,2,4,0,15,3,8,4,0,1,1,0,2,6,4,3,3,2,8,7,8,5,19,124,14,10,0,9,4,10,2,1,10,27,2,5,9,0,2,1,6,1,3,5,5,8,4
2,0,13,2,0,6,4,2,3,9,0,2,5,0,1,0,2,8,1,3,4,0,2,0,1,9,2,1,5,1,1,0,4,5,5,11,8,13,5,0,0,3,0,5,1,0,0,1,2,0,0,4,3,0,4,31,2,5,1,5,3,6,1,1,5,10,3,2,11,2,3,3,6,1,5,0,7,3,3,2,0,7,4,0,4,14,7,6,2,6,7,0,4,0,4,1,4,4,5,1,3,6,5,3,3,7,0,4,21,3,2,6,1,1,5,2,2,0,13,0,1,3,1,2,2,0,4,0,0,5,1,9,33,4,1,5,10,4,5,2,2,2,14,7,0,8,7,5,1,0,0,26,11,1,2,5,0,7,4,5,0,0,4,0,5,1,10,9,3,9,2,2,9,3,13,4,2,2,8,1,1,7,0,0,2,2,1,0,18,3,3,8,10,2,0,2,2,5,11
1,8,4,2,0,4,2,8,5,6,2,0,5,8,1,5,3,3,1,4,6,34,2,2,8,3,2,2,4,9,1,0,2,1,0,0,6,2,3,1,12,2,10,3,3,0,0,1,3,0,1,0,6,0,2,2,2,4,2,2,4,0,0,4,4,5,7,3,0,5,2,3,2,2,2,4,12,11,3,7,5,10,10,5,4,3,2,1,2,3,3,1,9,0,11,3,4,8,6,0,6,8,2,4,8,6,3,9,8,4,4,5,1,1,0,1,3,0,4,3,15,5,6,0,3,2,7,2,60,17,6,1,0,3,6,1,9,5,5,0,11,8,3,2,1,6,9,2,2,1,1,7,3,3,1,0,1,3,1,1,0,3,5,2,3,1,9,2,5,10,1,3,24,3,3,7,0,4,0,2,4,10,3,1,1,7,3,5,2,3,3,8,1,2,1,6,4,4,6
3,0,1,0,0,1,1,6,2,2,2,0,3,3,8,2,1,3,0,2,6,19,5,1,6,1,2,4,0,3,5,7,7,2,2,0,3,0,3,0,0,7,1,1,0,1,1,3,3,0,8,0,4,2,4,3,2,3,2,8,3,2,12,14,1,3,1,1,2,4,2,1,2,5,2,0,9,2,3,4,0,3,9,3,1,3,1,1,1,1,1,3,1,1,1,0,3,1,1,2,5,1,0,0,4,9,1,0,0,0,5,2,4,2,2,1,1,1,3,2,4,0,2,2,1,1,2,2,6,3,1,2,1,6,3,0,1,3,4,0,0,7,2,5,1,1,4,0,0,1,7,2,2,0,0,0,0,5,5,2,0,5,3,0,2,7,1,0,9,8,0,2,4,0,1,13,1,7,6,4,1,5,0,1,3,3,0,2,0,1,3,4,3,8,0,2,2,6,3
8,12,11,7,0,3,10,4,8,7,0,14,18,20,3,5,14,1,8,6,7,2,5,0,14,39,11,35,11,11,7,5,8,5,0,1,0,7,5,2,4,7,9,0,4,2,7,4,4,28,7,23,7,16,2,13,5,11,8,10,8,15,0,0,22,8,3,8,1,6,9,7,5,2,6,31,9,9,2,387,23,25,21,2,3,10,8,14,8,11,13,2,13,20,2,4,5,6,13,0,4,12,3,10,21,25,4,4,5,2,8,6,43,49,1,1,2,4,10,3,18,11,10,20,27,20,2,6,6,11,15,10,5,8,2,17,3,4,20,6,3,6,9,16,2,8,20,2,23,7,2,20,7,8,7,8,5,9,5,12,130,2,12,77,15,18,4,7,16,8,6,1,36,6,15,9,1,5,13,5,6,11,8,1,23,15,0,2,5,8,9,8,1,7,3,11,8,10,9
8,1,3,1,0,2,4,2,3,4,2,1,3,11,1,2,6,5,1,4,3,2,4,0,5,17,2,1,8,4,2,1,6,8,2,1,3,2,4,3,4,0,0,1,6,1,4,0,0,1,1,0,11,12,1,2,5,7,2,7,4,3,0,0,9,8,3,0,1,2,4,1,8,1,4,8,15,11,9,7,0,8,8,0,8,8,4,12,4,3,7,5,2,2,1,2,7,2,5,2,6,5,9,12,5,4,1,0,6,5,3,4,65,75,0,0,0,4,10,0,4,4,0,3,2,0,3,2,1,2,2,1,17,1,3,7,3,5,6,4,0,3,4,26,0,3,2,10,1,11,0,13,49,5,5,0,1,11,0,2,0,0,4,0,6,4,1,18,13,6,1,7,19,12,19,0,1,2,2,4,4,11,3,1,1,4,9,3,1,5,7,4,2,4,1,5,5,6,4
12,25,12,3,3,10,7,13,10,26,2,21,15,6,6,11,19,11,6,13,3,9,4,1,5,51,16,50,4,12,17,5,8,13,4,3,17,13,8,3,6,7,6,5,13,3,17,10,3,13,8,23,24,38,11,7,16,17,5,19,9,21,3,3,24,20,12,14,7,7,6,3,15,7,10,34,6,15,19,311,26,18,20,6,8,9,12,32,8,7,26,11,14,51,6,2,14,9,11,5,24,20,13,12,22,28,8,8,9,7,1,8,66,110,0,4,2,20,19,2,25,10,9,4,68,34,2,5,10,33,17,4,4,3,0,14,2,2,17,14,2,11,9,41,0,12,43,11,12,13,0,25,14,9,3,3,3,7,2,11,14,5,9,8,22,27,10,15,23,4,13,5,19,14,27,9,9,2,8,14,13,11,7,6,7,61,56,1,2,10,18,14,6,27,27,4,6,13,16
24,16,5,18,22,7,5,10,10,8,3,6,6,20,13,21,25,11,7,15,16,85,147,0,6,8,6,21,4,16,2,4,79,42,26,18,39,1,12,34,2,19,5,12,8,9,5,29,64,10,13,8,20,18,6,18,12,23,17,18,7,13,1,4,14,15,7,21,6,6,4,4,7,11,15,11,6,8,9,5,0,7,26,32,25,30,31,46,0,9,10,17,26,2,11,69,19,15,18,27,4,6,13,4,12,2,9,19,2,11,57,17,0,0,14,118,15,2,21,31,4,44,17,1,2,0,10,31,18,7,62,2,1,30,30,11,6,16,28,0,10,13,10,2,24,5,3,6,9,19,5,1,7,22,6,19,17,3,14,21,0,5,6,5,8,132,5,10,24,12,4,5,8,7,7,77,1,5,36,24,15,42,10,2,8,16,8,253,6,7,12,10,8,8,3,17,9,36,5
2,0,0,0,0,1,0,0,1,0,0,2,1,0,0,0,0,0,0,1,0,15,9,7,0,6,3,1,2,0,1,0,5,2,0,0,5,0,1,0,0,0,1,0,0,1,5,0,0,0,0,0,2,0,1,0,0,1,1,2,0,1,0,0,1,0,0,0,2,1,2,1,1,0,1,1,4,3,1,0,0,0,2,1,0,2,1,3,0,0,0,2,0,0,0,0,2,0,2,0,1,3,1,4,0,0,1,0,1,2,4,3,0,0,0,1,0,0,2,1,0,0,0,0,0,0,1,1,1,1,0,0,0,1,0,3,1,4,0,0,5,0,1,1,0,1,0,2,0,1,1,1,0,0,0,0,0,0,0,1,0,0,5,0,1,1,2,0,1,1,2,1,1,0,0,16,3,0,0,2,1,5,0,0,0,4,1,0,0,0,3,1,0,1,1,5,1,1,1
7,2,1,8,1,6,7,3,6,10,1,3,10,13,8,7,2,9,1,12,6,90,4,7,7,29,10,1,9,12,1,0,0,9,6,5,3,8,6,9,4,10,1,1,4,4,5,3,4,1,1,9,7,1,6,6,6,5,8,13,0,9,0,0,7,7,5,8,2,7,3,1,7,2,2,9,15,2,9,3,1,8,9,7,6,3,5,7,8,0,7,8,12,0,14,0,2,6,6,0,9,1,4,6,10,17,9,3,1,3,0,7,0,0,0,4,13,1,3,4,3,1,3,5,5,2,7,8,5,4,11,32,1,1,1,8,3,3,17,4,11,10,6,1,3,9,12,8,3,4,8,12,5,3,4,13,3,1,10,6,0,4,9,31,11,19,1,1,1,4,4,5,8,6,0,2,0,6,5,5,3,4,4,2,26,6,7,1,38,7,2,9,2,8,4,6,6,14,1
7,3,7,3,1,5,13,3,7,9,6,23,6,14,0,5,12,10,3,5,4,14,5,0,5,34,7,0,5,9,3,3,5,6,1,4,0,3,9,1,3,1,2,1,6,4,19,2,1,1,3,15,18,15,7,6,6,10,14,10,5,8,0,0,12,14,5,3,4,9,7,8,3,1,13,4,16,9,4,273,27,7,15,4,8,9,5,17,6,1,14,5,5,38,9,2,12,5,18,2,9,10,4,6,15,10,9,2,5,7,0,5,54,71,0,6,2,4,11,2,11,8,11,9,24,35,6,5,4,8,22,6,4,2,7,9,7,6,16,4,6,8,12,22,0,14,17,10,10,3,1,54,4,9,4,1,2,12,6,8,64,10,5,29,10,11,8,7,8,8,4,4,19,7,7,9,4,9,4,10,8,14,3,2,10,29,13,1,5,7,12,13,4,11,6,7,9,8,13
2,6,3,5,5,1,3,0,1,4,11,1,2,9,2,7,3,4,4,7,5,5,1,2,9,10,4,1,6,5,4,4,57,2,1,1,42,6,2,0,15,2,0,0,1,0,3,2,8,1,4,3,14,3,3,3,4,3,5,0,1,3,12,3,3,5,2,4,4,5,3,0,4,0,2,1,1,3,6,0,0,3,7,7,5,2,6,8,3,4,4,0,0,0,1,17,3,1,13,2,1,7,2,4,3,4,2,1,3,2,8,4,1,1,2,0,1,0,1,3,0,2,1,2,2,0,10,5,1,13,3,3,11,2,2,1,1,16,6,2,9,4,9,2,12,8,1,2,0,1,0,17,3,2,16,0,10,9,1,4,0,0,2,3,4,12,3,6,1,6,2,4,7,2,20,10,1,9,5,6,5,9,7,4,7,5,0,0,6,1,4,3,8,6,2,3,2,5,5
0,0,1,0,0,0,1,0,0,1,0,0,0,0,0,0,0,0,0,2,1,0,0,0,0,0,0,0,0,0,1,0,0,0,0,0,0,0,0,0,0,0,1,0,0,0,0,0,0,0,0,0,1,0,0,1,0,3,1,2,0,0,2,0,0,0,1,0,1,0,0,0,0,0,1,0,6,6,0,0,0,2,0,0,0,0,2,0,1,1,0,1,1,2,0,0,1,1,0,0,3,0,0,4,0,2,2,0,0,1,0,2,2,1,0,0,1,0,2,0,0,3,2,0,1,5,1,0,5,0,0,0,1,0,0,2,0,0,0,0,1,0,1,0,0,0,0,0,0,1,0,3,0,0,1,1,0,0,1,1,0,0,0,0,1,3,0,0,0,1,0,1,2,2,0,0,2,1,1,3,1,0,0,0,0,0,0,0,2,0,0,1,1,0,0,1,0,0,1
0,1,4,2,0,2,2,3,1,1,2,3,2,2,8,4,3,0,0,1,1,30,8,1,1,5,1,3,2,1,1,1,3,0,2,0,10,23,0,1,0,4,2,0,2,6,4,0,1,3,3,0,5,3,6,1,1,3,2,2,1,2,3,1,5,1,2,2,5,2,3,0,0,4,3,3,2,4,4,0,0,0,4,2,2,2,3,5,1,0,2,4,0,0,1,0,3,6,3,0,1,2,1,0,2,6,1,3,0,2,7,5,3,5,1,0,0,1,2,0,7,1,0,3,1,0,2,0,7,4,13,1,4,6,3,5,0,0,3,32,0,1,4,4,0,2,1,1,0,0,0,5,0,0,0,0,3,2,0,4,0,4,2,1,1,1,1,2,6,4,3,1,3,0,0,1,0,0,2,2,2,7,4,5,3,9,1,0,2,2,3,2,0,7,12,1,3,2,2
6,12,1,5,0,6,3,4,6,6,3,0,5,2,3,7,5,14,1,10,0,0,1,0,3,30,3,0,1,8,7,0,1,6,2,3,0,2,1,2,1,4,4,0,1,0,0,5,0,2,1,0,3,2,1,2,9,5,10,2,3,2,0,0,7,6,6,1,16,5,7,3,10,8,11,2,16,13,2,4,0,7,9,0,11,4,4,5,4,1,1,0,11,0,9,1,8,2,4,0,1,4,2,15,2,10,7,6,7,12,0,3,6,3,0,4,3,6,8,0,1,3,9,0,5,0,11,2,1,14,5,2,0,0,9,10,5,9,6,2,1,1,3,0,7,8,10,11,0,1,131,32,5,2,1,0,1,7,6,4,0,48,1,0,3,7,5,0,0,4,3,5,4,13,1,0,2,17,0,4,4,1,0,0,0,3,0,0,6,7,4,5,2,2,7,7,4,17,7
11,4,7,5,1,2,4,14,9,17,5,11,7,14,5,14,13,2,5,4,8,10,17,7,1,28,18,37,6,17,12,7,14,10,10,3,2,7,4,7,4,2,9,9,7,12,11,2,17,3,5,8,13,30,10,7,7,5,9,8,8,5,9,3,7,6,8,7,4,3,8,3,13,6,4,10,16,17,16,190,3,12,15,1,3,4,4,16,1,4,11,3,11,35,3,6,11,9,13,5,7,6,9,3,11,23,10,9,3,2,0,7,73,73,6,10,2,10,10,1,13,11,15,12,13,16,3,6,8,7,20,2,3,8,1,5,6,4,18,2,2,6,7,43,2,5,24,5,10,6,1,23,1,7,5,6,1,9,2,5,40,10,6,6,9,20,4,2,8,3,8,4,24,6,5,15,3,9,5,8,13,7,1,5,11,41,6,0,3,7,17,5,2,27,22,8,11,12,5
7,3,1,2,2,23,1,5,5,6,3,4,4,43,9,1,5,5,3,2,5,37,2,14,3,5,2,0,7,7,7,0,3,6,4,0,4,0,7,0,3,14,2,44,1,6,13,2,3,0,6,0,11,4,10,4,3,3,6,5,5,6,1,0,4,11,7,2,6,4,3,0,6,4,5,5,21,9,3,0,1,2,9,12,6,3,4,6,1,5,4,1,3,0,0,2,2,1,1,6,2,17,2,5,3,2,2,6,10,2,1,1,0,0,1,1,4,0,4,2,0,3,1,1,2,0,2,4,9,5,5,2,3,0,5,4,3,4,4,1,11,8,12,0,0,2,3,3,0,0,1,9,1,4,1,0,2,4,6,7,0,3,3,1,2,11,10,0,4,2,2,6,10,8,1,7,1,3,2,6,8,8,3,1,1,2,0,0,3,2,6,5,2,19,5,6,10,23,4
7,2,6,0,3,5,3,9,5,11,5,2,2,7,14,6,3,3,4,3,3,32,20,10,7,10,1,10,2,6,9,4,15,4,2,4,29,5,5,5,3,2,14,2,2,27,32,5,3,5,8,1,5,2,1,1,4,4,4,7,1,0,11,8,1,2,3,4,9,4,4,14,7,2,4,2,4,2,9,1,0,11,7,25,2,1,6,4,4,0,1,3,11,0,2,4,1,11,2,4,2,2,3,0,6,11,5,0,4,3,17,5,0,0,7,4,1,0,3,3,7,6,3,2,1,1,0,3,5,1,3,1,3,8,1,8,7,6,3,0,2,3,2,1,15,1,3,2,0,0,1,4,4,2,2,0,2,3,5,5,0,2,5,1,3,13,1,7,26,5,7,10,6,3,4,49,2,3,10,1,3,2,3,3,2,5,2,5,26,1,7,3,1,16,6,5,5,7,16
4,3,2,2,2,12,4,12,5,9,0,2,6,12,4,3,2,1,4,3,4,12,8,6,12,3,0,5,1,8,7,17,1,7,9,6,4,3,4,3,18,6,9,4,4,2,6,3,5,2,36,8,8,1,8,16,3,6,7,10,5,14,37,24,10,10,5,24,4,9,6,6,1,3,8,11,5,1,9,3,0,7,8,17,4,8,3,15,4,7,7,4,4,0,16,1,12,9,5,1,2,5,1,2,15,13,8,5,0,2,9,4,0,0,5,5,18,1,7,2,22,3,6,6,5,1,1,2,15,4,11,3,10,3,5,9,6,8,12,4,5,4,7,2,9,5,1,5,6,32,0,3,4,2,16,7,2,9,13,4,0,2,4,0,3,25,11,2,8,7,5,1,8,1,2,8,2,9,9,5,0,9,2,8,13,5,0,4,1,3,2,9,3,17,1,4,11,12,4
16,15,15,12,1,6,7,18,9,14,3,14,15,16,5,4,19,5,7,8,6,5,8,0,5,25,11,13,7,15,12,5,14,13,2,11,1,7,10,2,15,8,14,3,7,2,16,7,23,17,11,20,32,23,8,12,9,14,11,12,9,9,1,3,18,17,16,26,3,8,11,5,4,4,2,6,10,14,21,301,27,9,27,5,6,9,5,30,2,11,14,3,10,71,5,6,6,9,9,4,9,23,7,8,20,22,4,8,7,1,1,3,119,115,0,10,9,20,19,4,12,11,8,6,20,34,16,19,8,2,42,4,2,13,2,8,3,4,19,1,7,15,10,20,0,5,38,6,12,10,7,30,9,19,10,5,23,18,3,5,17,6,3,9,22,27,7,15,8,4,7,2,24,12,5,17,20,7,7,5,9,25,4,9,3,27,11,0,5,10,16,9,3,15,8,7,7,15,15
9,3,4,4,0,10,1,2,7,4,0,18,2,5,1,1,4,4,7,2,2,1,3,1,2,8,4,4,6,2,3,5,10,5,9,3,3,2,3,1,4,1,7,1,2,1,8,1,4,2,2,13,5,1,0,0,4,1,5,4,2,3,1,1,1,8,4,3,1,2,6,3,13,1,3,6,0,1,5,178,40,3,3,1,0,1,2,5,3,1,5,0,3,19,5,1,5,4,2,1,0,3,3,1,5,5,4,1,1,2,0,3,18,24,0,1,2,5,6,1,7,1,0,1,31,25,1,3,0,0,4,0,8,0,1,8,1,0,3,2,3,2,4,0,1,8,9,5,3,0,1,1,1,3,4,0,3,0,1,3,1,1,3,6,4,3,0,3,3,4,0,0,9,1,8,6,2,5,2,5,2,3,1,1,5,9,0,0,5,1,2,2,4,5,2,0,1,0,5
3,1,1,1,5,0,3,2,2,8,2,0,7,7,0,12,2,4,1,2,3,0,8,0,1,1,2,0,3,4,0,3,6,1,5,0,3,10,3,5,0,1,4,2,7,6,0,2,16,3,17,3,3,0,0,4,3,4,4,4,2,11,3,0,0,5,7,2,1,2,4,8,5,0,3,3,2,2,4,2,0,3,5,1,2,3,1,16,4,13,1,9,4,0,2,17,6,7,4,5,2,4,1,0,2,2,3,4,1,6,11,1,3,0,14,1,2,0,3,1,5,2,5,8,1,1,0,3,2,1,5,2,10,9,18,0,3,11,7,52,12,4,2,5,2,9,1,6,23,3,1,20,2,2,0,1,0,14,2,5,1,0,5,3,7,9,1,5,5,1,1,1,0,5,4,3,0,2,0,6,0,6,6,0,23,2,9,2,1,0,3,7,5,6,4,7,7,7,3
2,2,2,0,0,4,1,1,1,7,0,4,2,3,8,1,4,1,1,4,0,2,1,2,0,0,2,0,1,1,0,0,0,0,0,0,4,0,0,2,0,3,0,1,0,2,2,0,0,0,1,0,5,2,2,8,1,2,0,3,6,7,4,6,5,6,3,2,7,2,3,1,2,1,4,2,8,5,2,2,0,2,2,6,0,3,0,3,1,1,6,7,3,0,6,1,2,2,2,0,1,5,1,2,0,2,2,0,1,1,4,0,0,0,1,0,4,0,6,8,0,5,3,3,2,0,4,0,7,1,2,0,0,0,1,1,16,3,5,14,5,2,2,1,0,8,1,0,1,2,1,5,3,1,1,3,1,3,0,3,0,0,1,0,3,0,6,8,6,5,3,6,9,1,0,0,0,2,2,6,2,26,1,0,1,2,9,2,1,1,6,1,2,2,0,0,4,5,3
1,0,0,0,0,0,0,0,0,0,0,8,0,2,0,0,1,1,0,2,0,0,0,0,2,3,0,0,0,0,1,0,0,1,1,0,0,0,0,16,1,1,0,0,0,0,0,1,1,0,1,0,1,12,0,0,0,2,0,0,1,0,0,0,0,1,0,0,1,0,0,0,0,0,1,0,0,1,0,0,0,1,2,0,1,0,1,1,0,0,0,1,0,0,1,1,0,0,0,0,0,2,1,0,0,3,0,0,3,0,5,0,1,1,0,0,0,1,1,0,0,0,3,0,0,0,3,0,0,2,0,1,0,0,0,1,1,2,0,0,0,0,0,0,1,0,3,0,0,1,4,1,0,0,0,13,0,2,0,1,0,2,0,0,1,0,1,1,0,1,0,3,1,2,1,8,0,1,0,0,0,0,0,0,1,1,1,0,1,0,0,3,0,0,1,2,0,2,0
0,1,2,1,0,0,0,2,1,5,2,2,2,4,6,0,3,3,0,1,0,4,0,1,4,3,0,1,0,5,0,0,0,0,1,1,2,0,0,0,0,2,2,0,0,0,2,1,0,1,1,0,1,3,3,2,0,1,2,1,1,3,0,0,1,0,0,3,3,0,4,4,2,3,0,0,10,8,1,0,0,2,1,2,2,2,1,2,1,2,2,0,1,0,2,0,1,1,0,2,0,2,1,0,2,3,0,21,1,2,3,1,3,3,1,0,1,0,0,1,2,1,3,0,0,0,2,0,1,0,3,0,1,0,12,4,4,1,1,2,4,3,3,0,4,0,1,1,0,0,1,10,1,0,0,0,1,4,2,1,0,2,6,0,0,5,2,1,1,2,0,2,1,3,0,7,0,0,2,1,1,2,2,0,1,1,0,0,3,1,1,2,0,1,0,0,1,1,2
5,1,3,3,1,9,2,4,2,16,0,2,5,7,5,7,6,15,5,4,2,0,11,0,14,24,8,2,1,6,4,0,7,13,4,0,2,3,7,0,3,6,5,0,8,0,3,15,0,0,2,9,9,15,3,13,2,6,13,1,11,6,1,2,7,10,3,2,83,9,12,3,9,13,5,5,11,15,6,50,8,6,11,3,3,8,7,14,7,6,2,0,13,2,7,6,5,8,8,2,2,14,4,4,6,52,9,7,13,3,1,4,35,2,0,5,7,3,4,0,3,2,8,2,2,2,9,7,3,5,5,2,10,1,6,6,10,7,5,3,0,1,9,1,33,10,20,13,0,3,83,17,6,11,1,2,4,6,1,8,6,76,7,5,3,28,5,6,4,4,2,5,21,11,7,8,4,14,2,2,4,2,0,0,3,6,13,2,4,6,10,5,7,12,1,7,5,8,6
14,20,1,2,4,0,2,13,6,9,0,2,6,5,10,3,1,7,3,7,2,161,10,115,3,32,5,4,7,10,13,0,52,21,3,4,115,6,2,0,1,19,2,0,4,2,6,12,0,3,3,4,14,1,2,7,6,7,8,8,0,1,4,4,3,4,2,4,35,5,2,20,5,1,8,14,4,5,7,2,0,10,8,3,6,9,8,5,4,5,10,1,4,0,6,36,2,5,6,13,1,2,6,3,4,12,22,2,4,8,2,1,0,0,2,6,9,0,5,4,7,1,5,2,2,1,7,11,3,19,2,0,3,1,2,10,15,9,5,1,3,3,2,0,10,12,38,4,0,12,2,8,2,1,4,2,3,4,2,4,0,2,6,8,2,7,2,1,1,2,5,5,7,1,5,14,8,1,5,3,18,9,2,1,18,15,2,0,52,4,7,8,3,5,15,6,4,14,7
14,18,14,3,1,7,8,11,17,8,3,7,8,15,6,3,6,6,11,9,4,1,8,0,7,37,11,6,6,6,3,15,7,2,2,2,1,1,12,2,1,7,12,6,11,0,24,6,5,12,2,12,12,12,5,6,12,14,15,18,17,4,2,1,26,6,10,21,1,5,14,4,10,5,9,12,18,13,11,302,36,18,12,3,6,10,15,14,19,10,7,5,8,39,15,3,4,13,12,4,17,12,7,14,18,18,3,21,7,4,4,6,61,103,0,8,9,23,11,3,14,11,6,2,68,29,11,11,2,9,16,10,3,5,1,13,2,8,17,7,8,9,13,19,7,8,20,6,5,13,4,57,5,12,0,4,2,6,2,5,9,0,11,4,22,19,12,15,13,9,8,5,23,0,9,21,4,13,1,14,9,20,5,4,7,16,20,3,3,7,7,27,7,12,9,7,13,9,11
2,7,1,0,1,1,4,1,1,2,0,2,0,2,3,1,1,1,0,1,1,0,3,0,1,4,3,0,1,2,0,7,5,2,1,4,0,3,0,1,0,2,0,0,0,0,0,3,2,0,5,1,2,3,0,4,3,2,1,1,1,0,0,0,1,3,2,1,4,2,3,0,0,2,4,1,2,3,2,0,0,2,2,0,1,2,1,0,2,2,0,1,3,0,2,2,0,1,1,0,0,3,0,4,0,2,2,1,0,1,3,2,9,5,3,3,1,1,2,0,1,0,3,1,0,0,3,1,2,0,1,0,3,0,0,1,2,3,1,0,0,1,3,0,1,5,1,0,0,1,16,1,0,3,0,0,1,2,1,2,0,7,2,0,0,8,1,4,3,0,0,2,1,3,1,2,7,2,1,1,0,1,0,1,1,0,0,1,15,0,2,0,4,2,3,1,1,7,3
1,2,0,1,1,1,1,0,1,1,0,1,0,0,1,1,2,0,0,0,1,0,1,0,0,2,0,0,0,0,1,0,0,1,0,0,0,0,1,0,5,1,0,0,0,0,0,0,2,0,0,4,0,5,0,1,0,2,2,0,1,2,1,0,1,2,1,0,0,2,1,0,2,0,3,0,2,0,0,2,0,0,2,0,1,2,1,2,3,1,1,0,0,0,0,4,0,0,0,0,0,1,0,3,2,3,0,1,0,1,0,1,11,1,0,2,1,7,0,1,0,0,1,7,1,0,0,0,0,1,0,0,4,0,1,2,0,1,1,0,1,2,0,0,1,3,0,1,0,0,0,4,3,0,1,2,0,1,1,0,0,2,2,0,2,0,0,0,0,3,2,7,2,2,0,7,5,1,0,0,2,2,0,0,2,0,0,0,4,0,0,2,2,2,0,1,0,0,1
1,8,0,0,0,5,1,2,1,10,1,0,1,3,1,4,1,11,1,2,3,0,2,0,8,13,2,1,3,1,1,0,0,8,1,16,1,0,0,0,16,0,0,0,0,0,0,1,4,0,0,1,1,5,0,2,4,4,6,5,0,3,0,0,0,6,2,1,0,2,2,4,5,0,8,2,10,7,2,9,0,2,4,0,7,2,0,2,5,9,2,1,4,0,0,0,2,1,1,0,2,2,3,5,3,4,3,2,7,4,1,9,21,4,0,1,1,0,3,3,2,1,3,3,3,0,1,8,0,4,2,1,4,0,4,12,4,10,2,0,2,3,8,2,0,6,0,5,0,1,5,18,2,0,9,0,0,3,4,6,0,8,3,2,1,5,7,4,1,3,5,6,6,5,2,4,1,6,2,3,0,2,1,0,2,14,1,1,0,6,5,4,0,1,3,5,1,3,8
5,4,6,0,3,2,5,5,2,4,0,6,2,3,2,2,3,2,2,2,2,13,5,1,0,15,9,15,2,3,6,0,4,5,1,1,8,2,0,3,3,4,0,1,5,2,27,0,2,12,2,4,3,4,10,3,5,12,3,6,4,2,5,6,2,5,5,2,1,8,4,0,2,2,2,2,8,15,4,38,3,5,6,9,4,3,2,10,1,1,5,3,1,3,2,0,5,4,7,4,2,3,6,4,4,4,2,1,3,1,2,7,23,24,0,0,1,4,14,4,12,3,4,2,4,1,4,4,6,5,9,1,2,9,1,4,5,6,5,0,9,12,0,13,2,0,8,2,0,2,0,16,2,2,5,0,3,2,0,1,5,12,4,2,3,11,5,2,13,5,3,2,7,2,0,10,1,7,2,2,4,2,4,4,4,23,4,1,1,1,4,4,0,5,7,2,4,8,3
4,0,2,3,0,6,3,4,5,3,3,6,3,5,0,1,4,1,3,3,1,0,2,0,1,21,8,3,6,2,2,0,1,5,0,1,6,5,5,0,1,2,2,0,6,0,5,1,1,0,3,3,5,6,6,3,2,4,1,4,1,5,2,0,6,7,4,2,7,3,2,6,5,0,4,3,29,7,16,148,22,3,10,0,1,5,2,9,4,9,4,3,3,15,0,2,4,1,6,1,2,4,2,1,7,7,1,1,3,5,0,6,70,48,0,2,2,3,1,0,21,1,7,9,24,31,2,2,2,6,2,3,1,1,0,2,1,2,7,1,0,3,5,3,0,3,18,4,2,0,0,9,1,0,2,0,2,3,0,8,4,0,2,1,4,2,7,0,2,4,4,0,12,1,0,3,1,4,0,1,2,6,2,1,1,8,8,1,4,6,2,8,1,5,3,8,6,6,0
4,8,1,4,14,0,5,2,3,6,5,0,1,3,6,5,4,4,1,2,0,20,2,11,3,8,3,2,8,4,10,3,8,2,1,1,12,1,2,2,1,4,2,6,0,4,9,2,2,1,1,0,5,6,3,3,2,3,4,7,5,2,5,4,3,8,7,2,8,2,3,4,0,2,10,1,4,8,3,3,0,4,5,23,1,13,3,3,1,2,3,7,1,0,0,2,5,5,5,16,1,8,3,4,1,6,3,0,0,3,2,4,0,1,0,1,9,0,5,1,3,10,2,2,2,0,4,2,4,0,3,3,5,2,23,3,2,9,2,1,2,2,8,3,1,2,1,2,1,1,1,39,0,3,2,1,1,1,4,4,0,1,2,1,4,4,3,2,1,6,0,3,3,3,1,32,1,4,3,4,3,3,2,1,2,2,0,1,30,2,8,2,3,6,1,1,2,8,2
0,3,3,3,0,6,3,3,1,1,0,2,3,4,1,2,3,3,1,5,1,0,2,0,3,25,5,0,7,2,1,0,3,10,8,1,1,1,2,5,0,2,2,1,2,1,0,2,1,0,1,1,1,1,2,4,4,8,4,4,4,5,0,0,3,8,5,2,2,4,7,1,18,17,9,4,14,8,2,8,1,12,5,5,3,6,4,4,5,4,9,0,19,1,3,0,4,7,3,0,8,9,4,10,6,14,5,2,4,0,1,3,8,1,0,1,2,0,11,0,5,5,2,0,4,1,4,4,2,5,14,1,4,0,0,7,1,6,1,0,2,4,10,0,0,2,5,3,0,1,19,14,4,0,0,1,2,3,3,4,0,10,3,1,5,18,8,10,1,5,1,3,15,4,3,0,1,3,6,3,6,7,0,0,0,4,3,1,0,0,1,5,8,16,4,3,6,4,1
14,7,11,4,7,0,10,12,6,14,7,1,6,8,20,12,8,5,6,9,5,55,67,0,18,6,3,2,16,55,1,22,64,26,6,20,12,5,4,5,10,16,8,4,9,10,28,8,74,61,9,8,22,2,4,9,12,10,11,13,7,19,0,5,6,10,11,20,2,11,11,3,8,9,7,4,3,2,9,5,0,1,17,18,5,17,13,21,2,6,12,7,13,0,11,12,22,10,14,14,1,3,8,4,11,7,3,7,6,16,42,3,0,0,18,14,8,1,17,35,13,9,9,3,0,0,3,7,16,4,76,5,15,29,24,10,9,12,11,1,2,18,17,7,4,12,2,6,9,13,4,10,3,21,7,19,43,9,8,15,3,5,7,18,20,61,7,23,28,7,3,1,21,5,11,68,8,13,66,11,13,13,25,11,56,15,3,16,1,3,10,11,4,9,9,7,9,11,7
12,15,11,2,3,3,5,8,5,13,0,11,5,4,5,10,7,2,12,6,6,21,9,2,2,23,5,24,2,12,2,5,4,12,0,5,17,8,6,4,7,10,9,2,9,11,26,2,9,18,2,8,16,17,4,5,5,3,5,11,6,8,1,8,9,5,3,9,4,5,3,4,11,0,4,7,2,2,7,179,12,4,19,2,3,8,10,16,6,5,7,4,3,46,6,12,10,8,5,10,13,6,8,7,10,11,11,2,2,4,17,4,11,13,2,10,2,12,9,7,10,9,4,1,16,36,5,12,21,7,9,4,2,8,3,5,7,2,4,2,3,10,10,12,9,2,13,3,25,0,1,8,4,4,4,0,3,6,3,10,3,2,3,3,14,15,4,21,11,4,1,4,13,6,7,29,4,7,4,8,5,5,6,2,2,39,10,0,13,5,6,4,4,11,6,7,6,0,2
9,6,6,6,1,8,14,10,8,7,22,8,5,17,33,5,11,7,10,13,5,47,12,2,15,20,7,2,2,41,3,20,27,12,5,12,10,3,5,9,22,19,28,22,10,8,34,5,34,21,17,6,16,21,11,7,11,14,11,8,4,18,2,11,7,25,9,23,4,13,13,8,1,8,12,8,4,2,7,3,0,8,10,64,6,9,14,20,6,4,12,11,17,5,7,3,11,9,11,9,9,5,5,4,12,14,8,4,0,3,37,1,9,7,11,5,7,23,16,3,24,5,2,2,3,1,4,10,14,5,69,2,10,16,11,9,1,14,13,2,1,8,14,7,6,3,7,22,13,22,1,8,6,7,16,3,26,9,5,9,0,5,3,10,11,26,8,21,36,11,5,2,6,4,8,54,14,4,41,3,8,12,14,15,21,46,0,11,3,5,17,12,3,17,6,11,14,24,4
15,6,13,4,0,8,6,7,9,13,1,15,4,14,2,9,8,2,6,6,1,5,1,1,7,31,8,28,10,9,8,4,8,5,6,10,10,8,4,4,7,15,5,2,9,4,6,2,3,4,10,22,11,19,5,13,12,8,3,4,8,11,7,1,6,9,5,13,3,1,5,9,11,1,4,16,16,12,20,372,32,8,11,0,6,7,4,12,5,18,13,3,13,52,1,0,7,5,13,0,6,11,3,12,21,26,3,4,3,1,2,3,97,110,2,3,8,21,5,3,16,8,3,18,39,39,2,6,3,12,14,2,8,7,5,8,5,7,12,3,13,9,4,20,0,11,46,8,5,4,4,21,1,3,9,6,1,8,1,5,68,1,8,11,11,8,3,11,6,4,2,1,15,5,15,7,5,3,2,9,5,10,2,1,9,22,9,3,1,9,5,19,3,19,8,11,7,7,7
6,18,1,6,18,0,4,9,4,5,1,10,3,3,15,2,5,4,1,7,3,4,1,1,2,32,9,13,3,5,1,5,4,4,5,4,53,0,2,4,4,6,13,1,7,1,3,1,2,2,1,2,7,3,4,5,3,4,6,7,0,0,21,2,9,11,9,2,38,2,4,28,5,0,4,5,13,8,3,1,0,5,7,1,2,6,8,7,6,3,4,2,12,0,2,46,6,8,6,12,1,6,8,0,3,8,9,1,3,7,2,4,1,1,0,6,15,0,2,0,11,3,7,3,2,1,1,5,2,13,12,0,5,0,5,12,5,1,6,3,0,7,8,3,6,7,4,1,0,4,14,15,6,3,6,5,0,4,1,8,0,11,5,6,6,13,1,2,0,6,3,10,9,6,9,14,71,10,11,5,4,11,3,0,3,6,11,0,231,3,5,4,3,6,3,2,2,5,9
0,2,2,5,5,0,1,1,0,4,0,0,1,4,2,6,0,5,0,0,1,0,1,1,1,9,1,0,1,1,0,0,2,1,3,3,2,1,0,3,4,2,3,1,2,0,0,1,0,0,0,1,3,1,0,4,2,3,2,1,0,0,1,1,2,1,0,0,2,0,3,4,8,1,14,5,7,7,1,2,0,2,4,0,0,4,1,4,7,2,1,1,0,0,3,0,4,0,1,0,1,3,1,6,4,3,2,0,3,1,0,1,21,2,0,2,1,0,3,0,0,2,0,1,1,2,12,1,1,1,0,0,1,3,1,2,0,3,3,0,3,0,5,1,0,8,2,1,0,0,1,10,3,1,1,0,1,0,1,1,0,2,3,0,3,1,0,0,0,3,1,8,4,1,3,8,0,3,1,3,2,4,0,1,2,0,0,0,10,1,6,0,2,3,1,2,3,4,2
8,1,2,2,3,16,10,5,3,21,2,2,1,8,2,9,3,14,2,13,10,20,4,13,2,12,7,0,5,5,5,12,34,8,2,5,36,25,4,5,33,2,6,1,3,3,4,7,4,0,13,22,11,4,1,13,9,3,8,9,0,9,49,38,6,11,3,7,9,8,11,29,9,0,4,4,6,2,13,5,0,7,9,1,5,12,11,5,9,2,3,7,16,0,2,1,1,5,4,0,2,1,6,7,6,15,12,6,9,3,18,11,1,3,8,4,2,0,2,0,5,3,5,7,7,1,4,4,3,14,5,1,56,3,6,7,8,12,12,6,3,15,6,10,8,15,8,2,0,3,3,10,4,5,34,5,10,3,5,10,0,0,5,2,6,5,5,23,5,6,7,10,12,1,15,11,2,7,1,4,12,8,2,2,9,14,2,4,6,2,3,21,8,5,7,4,9,10,13
1,0,2,0,0,0,0,0,1,3,0,0,0,6,0,1,0,0,0,0,1,7,0,0,0,3,5,2,1,1,0,0,0,0,0,0,3,0,0,1,0,0,0,1,0,0,3,0,0,0,0,0,0,1,0,0,0,0,2,0,0,1,0,0,1,0,0,0,0,1,0,0,1,0,1,1,0,1,1,2,0,2,1,0,3,2,0,1,0,1,0,0,1,0,0,0,0,2,1,0,1,0,1,3,2,2,0,0,0,1,0,0,9,5,0,0,0,0,2,0,1,2,4,0,1,0,3,0,0,0,0,0,1,1,0,0,2,0,0,1,0,0,3,2,0,0,1,1,0,0,0,4,0,1,0,0,0,1,0,1,0,0,2,0,0,2,0,0,0,1,0,3,2,1,4,0,1,3,0,1,0,2,1,0,1,3,2,0,0,0,2,0,0,2,1,0,0,1,0
1,4,0,3,0,0,4,0,0,7,0,0,0,0,1,5,6,0,1,1,0,0,1,0,1,1,0,0,0,1,0,1,0,2,1,14,1,1,1,3,0,0,0,0,2,1,0,4,25,1,5,5,7,0,1,2,0,4,4,2,1,3,0,2,2,6,2,0,2,1,1,0,2,1,5,0,4,3,2,5,2,1,2,1,1,0,0,2,1,0,9,4,0,0,0,1,2,1,0,3,0,1,1,6,0,0,0,1,1,2,2,0,2,2,1,4,11,0,1,0,8,1,4,0,3,0,2,3,0,0,0,2,1,0,6,3,1,4,1,0,2,4,3,1,2,1,2,1,2,1,4,5,0,0,1,3,0,0,16,0,0,0,3,0,5,8,2,4,2,1,3,3,0,0,0,6,0,4,2,3,0,7,1,0,6,0,2,0,5,4,1,2,0,3,1,2,2,4,2
0,0,2,0,0,3,0,0,0,1,1,1,2,1,2,0,0,2,0,0,1,0,2,0,1,1,0,0,0,1,0,0,2,5,1,0,1,0,2,0,0,0,0,0,1,0,0,1,0,0,2,0,0,1,1,0,0,0,1,3,0,2,0,0,1,0,2,0,12,3,1,0,2,2,1,0,2,1,3,2,1,1,0,2,0,1,1,0,1,4,0,0,1,0,3,0,0,0,1,0,0,4,1,0,1,10,1,1,2,3,0,1,3,0,0,1,0,2,3,0,0,1,2,2,2,0,2,4,2,1,0,1,0,0,1,1,3,4,1,0,0,0,1,0,11,0,0,1,0,0,4,3,0,2,0,0,0,2,1,1,0,10,1,1,0,4,1,0,1,2,1,2,2,0,0,4,2,1,0,0,2,0,1,0,0,1,0,0,0,1,3,0,2,3,3,0,2,1,1
2,4,1,1,0,3,1,0,0,2,0,3,1,0,1,1,6,2,0,3,2,0,0,0,5,5,1,0,1,2,1,0,1,1,1,0,0,2,2,1,1,0,1,2,2,0,0,0,3,0,0,1,1,3,1,3,1,0,3,3,1,2,0,0,2,3,0,2,2,1,0,1,1,3,3,1,1,7,1,9,0,1,3,0,1,2,3,5,2,2,1,0,0,2,14,0,3,1,2,0,0,1,0,1,0,1,2,5,8,2,0,2,11,6,0,1,2,2,2,0,1,1,2,3,0,2,2,0,3,1,1,2,11,0,1,5,1,1,0,0,0,1,0,1,0,2,5,0,0,1,6,2,2,1,2,0,0,2,0,2,2,3,2,0,4,1,1,6,6,3,0,0,5,2,2,1,1,3,3,1,1,0,0,1,4,1,0,0,0,2,1,2,3,6,3,1,2,4,4
1,2,5,1,1,3,1,4,3,4,1,2,3,1,2,4,2,3,4,4,4,2,6,4,2,4,1,3,2,4,0,1,21,4,0,3,34,3,4,0,2,0,0,2,3,1,3,5,0,0,0,0,5,0,5,4,1,2,3,2,4,2,4,1,3,3,6,2,11,2,6,5,7,3,2,1,1,1,10,2,1,3,8,0,1,2,4,1,3,2,2,0,1,0,0,0,5,6,0,2,1,5,5,1,3,28,5,11,6,1,13,4,0,0,0,6,2,0,3,0,1,1,2,0,1,0,7,5,1,22,2,2,12,0,3,4,4,2,5,1,1,2,5,4,0,7,1,3,0,2,3,1,0,1,6,0,0,1,1,1,0,2,6,0,3,2,3,1,3,2,4,3,3,3,38,1,0,3,3,4,2,7,0,0,0,19,0,0,11,4,4,5,6,6,7,5,5,5,2
12,6,13,6,3,8,3,8,7,7,2,4,3,13,8,9,11,5,11,4,13,23,38,4,5,11,7,8,2,31,2,10,42,30,11,4,9,4,9,12,7,10,19,8,10,7,18,10,67,36,20,4,15,12,7,10,7,8,9,10,9,9,1,3,13,10,12,24,7,7,20,6,7,3,11,8,1,7,6,12,1,4,18,16,7,10,10,23,3,7,9,6,10,12,3,11,11,11,12,21,5,7,4,2,17,4,7,7,3,11,36,1,25,30,37,20,4,23,19,8,9,12,7,2,6,4,0,11,10,6,42,7,7,15,11,10,9,7,16,3,5,9,5,9,8,8,14,6,12,11,7,5,5,13,7,9,26,10,12,6,0,3,5,10,6,46,5,9,17,3,4,2,11,5,18,49,7,11,21,5,4,14,19,14,11,28,4,32,16,8,14,5,4,13,11,7,2,4,10
0,1,1,2,0,2,3,0,2,3,1,0,1,1,0,0,1,3,0,2,0,3,0,2,0,10,2,3,0,3,0,0,3,3,1,1,7,1,0,0,0,2,0,0,3,0,1,2,1,0,0,0,5,0,2,1,1,1,0,1,2,1,1,1,1,1,0,0,4,2,1,2,2,0,3,0,0,0,2,1,0,3,2,0,3,0,1,0,1,2,0,1,0,0,2,1,1,0,0,0,0,1,0,2,2,2,2,4,3,1,0,2,0,0,0,0,0,0,2,0,1,0,0,1,2,0,6,1,1,4,0,0,1,1,1,0,5,0,3,1,2,0,3,2,1,1,0,2,0,0,0,0,1,0,1,0,1,0,0,0,0,0,0,0,0,0,1,0,0,2,0,1,3,4,15,0,2,0,0,0,0,3,1,0,0,10,1,0,6,0,2,0,8,2,0,1,0,10,2
2,0,7,2,0,1,0,4,0,0,0,4,1,4,1,3,0,5,4,0,0,29,3,0,2,0,1,0,0,3,6,1,7,0,0,1,0,0,1,1,0,3,1,1,1,0,2,0,2,3,4,1,2,7,8,0,5,1,1,1,3,2,0,1,4,2,1,1,1,6,5,2,1,1,1,0,0,12,1,3,1,2,0,0,0,1,0,1,0,1,2,4,1,0,3,3,2,7,1,3,2,5,1,0,3,0,4,1,0,2,10,0,1,0,0,4,1,0,0,2,3,4,2,0,0,0,0,3,3,1,3,2,0,6,4,3,0,2,10,1,0,1,1,0,1,0,1,0,2,1,0,3,1,4,0,1,1,1,0,1,0,9,0,11,1,13,2,4,3,2,5,0,7,1,1,12,0,3,6,4,1,5,4,5,0,20,0,1,1,1,1,0,2,5,0,0,2,4,0
21,9,16,6,3,16,18,13,10,12,0,23,16,20,29,11,11,8,11,18,9,57,12,6,6,10,3,2,8,67,8,21,26,24,3,14,6,5,7,16,53,15,10,27,18,29,78,12,77,44,27,2,15,14,31,11,13,16,10,19,9,14,8,8,13,18,24,39,16,11,15,5,3,34,8,5,5,6,7,15,0,7,18,30,8,6,9,31,1,4,13,21,14,1,5,6,18,16,6,16,5,26,3,2,13,23,16,2,3,3,33,6,5,14,14,9,11,6,20,18,15,10,10,3,4,3,1,11,9,8,95,7,6,8,29,19,8,6,17,1,2,11,19,30,5,12,4,9,1,18,3,4,10,20,32,9,44,10,14,8,1,11,12,15,12,93,13,34,26,5,3,3,8,12,2,56,19,13,87,4,3,27,5,20,27,48,1,25,4,9,25,7,3,38,11,15,6,13,13
3,5,0,0,1,0,2,0,1,5,0,0,1,4,10,2,0,1,1,1,2,0,2,0,1,7,5,1,0,3,1,4,4,5,1,0,0,0,1,1,1,4,0,10,1,0,10,2,0,0,3,0,4,6,5,1,1,2,7,1,2,4,0,0,2,2,3,1,5,4,2,1,1,4,5,0,5,8,4,1,0,1,3,8,4,0,9,5,7,0,1,0,2,0,1,1,2,1,0,2,0,1,1,6,0,25,1,3,2,2,0,5,0,0,0,0,0,1,1,0,3,1,7,1,1,0,2,1,3,6,5,0,1,0,0,5,0,4,1,1,2,1,2,0,2,1,0,2,0,0,3,4,0,0,2,0,3,3,1,4,0,21,3,1,3,14,2,5,2,0,0,1,0,3,0,1,0,1,5,0,5,0,1,0,0,4,1,1,0,0,0,1,4,7,0,2,0,7,0
3,0,1,0,0,6,1,6,1,1,1,0,0,2,1,3,0,4,0,5,1,5,2,3,0,31,1,4,1,0,2,0,4,3,0,2,21,4,1,0,0,0,1,0,2,0,3,3,0,0,0,0,4,0,5,1,2,1,3,7,1,2,5,0,4,1,4,1,11,1,2,9,0,1,1,1,2,1,3,4,0,0,3,0,1,2,5,1,7,1,0,0,1,0,1,0,1,1,2,0,5,1,2,5,1,12,2,8,49,0,1,3,3,0,0,1,1,0,0,0,2,3,2,1,1,0,4,5,1,7,3,1,6,0,1,1,2,1,1,0,2,0,0,3,0,1,9,0,0,0,1,1,2,1,0,0,0,0,0,2,0,0,2,0,2,0,1,1,2,2,1,4,0,2,7,2,9,3,13,1,2,4,0,0,0,0,0,0,29,0,2,7,5,5,2,0,1,4,1
6,2,6,7,0,1,8,3,4,7,9,3,8,20,3,4,4,7,0,8,3,6,2,0,15,24,9,4,9,7,18,7,2,16,1,11,5,1,12,1,11,7,10,0,4,2,9,7,0,7,9,10,8,8,7,4,12,4,11,13,4,1,2,0,17,10,4,11,1,7,5,4,17,6,5,5,16,9,5,202,11,14,14,1,1,3,13,16,4,8,11,2,3,15,2,0,8,7,13,2,7,10,6,8,26,48,7,13,6,4,0,10,46,84,0,2,0,2,12,4,8,5,10,0,14,7,3,3,4,6,15,6,3,0,0,13,6,2,10,6,4,1,9,22,3,2,30,1,4,3,1,20,5,10,12,4,2,2,3,11,1,19,4,0,8,10,6,6,14,2,6,5,21,3,3,9,1,3,0,15,10,11,2,5,3,21,7,0,4,4,7,9,4,13,7,7,3,8,11
19,4,3,19,32,1,5,9,2,3,0,0,1,2,0,1,2,5,0,9,6,2,74,0,0,1,1,0,0,5,0,0,0,13,17,1,48,2,6,17,0,3,0,0,12,0,0,8,35,30,0,0,5,0,0,20,10,12,7,4,5,4,0,0,3,12,2,4,0,1,2,1,6,0,23,2,0,0,0,1,0,14,11,0,3,3,11,16,12,0,10,2,17,0,1,6,1,9,6,1,2,4,4,6,5,0,18,1,9,2,27,13,0,0,53,4,30,0,3,0,2,1,8,0,0,0,15,4,2,2,12,0,0,0,0,19,12,9,7,7,11,20,1,0,0,8,0,0,11,1,4,0,14,3,0,1,5,2,4,30,0,0,5,2,6,5,0,0,0,2,0,81,1,7,0,21,1,3,3,39,10,3,3,1,11,1,1,2,233,1,4,9,21,0,5,2,4,17,7
11,9,7,6,12,1,2,5,5,8,3,0,6,6,10,5,6,2,2,0,7,99,63,12,2,6,1,0,3,11,1,11,52,30,5,15,32,8,2,0,25,11,13,0,13,7,9,11,21,9,7,16,12,1,4,3,5,7,8,11,6,15,6,59,3,6,8,13,3,6,6,9,6,2,12,3,0,2,3,2,0,6,12,5,1,21,12,8,8,6,11,4,17,2,6,2,2,9,4,2,1,1,3,0,2,5,8,4,5,3,31,13,0,0,18,15,6,0,8,7,5,9,2,6,1,1,1,8,11,2,10,1,1,13,4,6,13,9,6,7,4,15,6,0,10,6,3,7,7,4,2,4,2,5,8,13,11,7,11,9,0,0,2,16,1,14,3,4,12,1,4,9,4,6,4,87,4,10,18,8,10,8,5,0,14,18,24,4,2,3,9,4,4,8,8,5,7,13,7
0,0,0,0,0,0,0,0,0,0,0,0,0,0,0,0,0,0,0,2,0,2,0,0,0,0,0,0,0,0,0,0,0,0,0,1,3,0,0,0,0,0,0,0,0,0,0,0,0,0,0,0,0,0,0,0,0,0,0,0,0,0,0,0,2,0,0,0,0,0,0,0,1,0,0,0,0,0,0,0,0,0,0,0,0,0,0,0,0,0,0,0,0,0,0,0,0,1,1,0,0,0,0,2,0,0,1,0,0,0,0,0,0,0,0,1,0,0,0,0,0,0,0,0,0,0,0,0,0,0,0,0,0,0,0,0,1,1,0,0,0,0,0,0,0,0,0,0,0,0,0,0,0,0,0,0,0,0,0,0,0,0,0,0,0,0,0,0,1,1,0,0,0,0,0,0,0,0,0,1,0,0,0,0,0,0,0,0,0,0,0,0,0,0,0,0,1,5,0
2,0,3,0,0,3,1,0,2,1,0,2,3,1,1,0,1,7,0,2,2,4,3,0,7,7,0,0,2,1,0,2,6,3,2,3,22,6,1,0,5,2,0,0,2,0,1,1,0,0,1,1,1,0,3,5,1,3,2,4,1,1,1,0,1,1,1,0,5,5,0,0,3,1,2,1,1,5,0,2,0,4,7,0,1,2,4,1,2,1,0,0,0,0,2,0,1,0,1,0,1,4,4,4,2,3,4,10,0,1,6,4,0,0,0,0,0,1,2,0,3,2,1,2,1,0,9,0,0,4,1,3,17,6,1,2,6,4,5,1,2,5,6,2,0,4,1,2,0,0,0,1,6,0,4,0,0,1,0,1,0,0,1,0,1,2,4,1,0,3,4,6,4,3,5,2,1,3,2,0,1,5,1,0,0,0,0,1,7,0,1,0,3,1,3,2,1,5,0
8,10,8,11,1,12,4,9,14,12,6,31,10,10,0,7,11,1,18,4,10,6,21,0,18,28,13,4,11,14,4,5,21,12,6,1,5,4,5,7,24,10,31,7,11,8,15,13,29,19,5,48,24,35,3,13,14,13,9,13,11,10,2,2,8,11,7,18,3,6,10,8,11,7,11,12,3,12,12,375,14,11,20,4,7,9,14,30,5,7,19,9,10,42,1,19,14,11,16,13,8,24,6,4,28,33,8,1,6,7,8,5,63,71,5,5,5,27,16,6,19,8,8,20,12,45,5,14,10,19,38,16,9,11,6,13,6,4,24,4,0,10,6,13,19,4,43,6,33,34,3,16,7,9,16,8,24,8,5,12,38,0,10,30,11,32,19,26,40,10,9,7,21,6,33,29,13,9,4,8,5,9,9,10,25,35,9,1,2,13,12,18,2,24,7,16,9,9,3
1,4,0,0,0,1,2,4,4,1,1,0,0,1,1,1,2,0,2,1,0,4,3,1,1,6,0,19,0,8,3,1,17,4,0,1,1,0,0,0,0,1,13,1,0,2,0,1,3,3,2,0,0,1,1,2,3,1,2,0,1,5,10,0,1,3,6,3,5,1,0,52,0,5,1,4,2,0,1,0,0,2,2,2,0,2,0,2,0,1,1,0,2,1,1,0,1,1,1,1,0,0,1,3,2,4,1,5,0,0,13,1,0,0,4,1,2,0,1,1,9,2,0,0,0,0,1,4,2,3,4,2,1,0,8,2,6,2,2,0,1,6,1,1,1,0,1,1,0,3,0,4,1,5,0,0,5,3,0,2,0,0,0,1,4,5,1,10,8,0,0,0,1,0,1,33,3,1,0,1,0,1,1,0,1,0,0,0,1,0,2,0,1,2,0,4,4,4,1
11,27,12,7,5,2,7,5,9,14,12,10,5,19,24,4,9,2,10,3,3,9,14,5,9,12,11,9,11,16,8,4,23,11,4,3,12,6,5,6,13,13,12,11,7,12,21,7,26,13,16,6,8,15,5,15,8,10,4,15,9,16,5,17,6,12,9,10,5,10,6,20,11,8,8,32,18,13,11,18,1,7,15,8,7,10,7,15,5,3,6,9,4,6,2,7,10,8,6,12,12,13,6,3,10,24,7,1,2,6,4,3,41,31,8,7,9,20,7,6,12,6,17,29,5,10,1,6,5,3,32,3,6,7,15,5,18,4,24,84,6,22,3,17,19,3,30,9,32,16,5,15,3,10,10,4,7,3,5,3,10,4,5,18,9,28,9,29,23,7,3,1,12,7,11,28,7,4,5,12,6,15,4,9,16,16,13,1,16,9,13,9,15,17,5,8,6,9,12
0,0,1,2,0,1,4,4,0,4,0,0,0,2,3,2,1,3,1,2,2,12,15,3,3,0,0,0,2,5,0,0,5,6,1,13,0,0,2,5,0,0,3,6,3,4,1,0,4,2,2,4,5,0,0,2,4,2,1,6,3,3,1,3,1,1,1,1,0,0,2,1,2,0,4,0,0,0,0,3,0,3,1,0,0,5,3,4,1,2,1,1,5,0,0,2,1,5,4,6,0,3,3,1,1,0,2,0,1,59,9,6,0,0,3,2,0,2,2,1,2,0,1,1,1,1,1,3,3,2,9,0,1,7,2,3,5,1,1,0,0,7,0,2,5,5,0,3,4,2,1,2,1,3,0,3,3,2,1,1,0,0,2,1,4,10,5,2,7,4,1,3,4,5,1,10,0,3,6,2,7,1,3,0,1,0,2,0,0,4,2,1,0,1,0,0,1,7,1
1,1,0,0,2,1,0,1,1,2,2,0,0,1,2,8,1,3,1,1,1,6,3,1,2,7,1,0,4,6,0,3,8,1,1,0,9,1,1,0,0,0,3,11,0,3,7,0,5,6,5,1,1,1,0,2,1,2,0,2,0,2,1,0,3,2,1,4,1,1,2,0,2,4,2,1,2,0,4,3,0,4,2,10,0,0,2,3,2,1,1,3,4,0,2,1,4,3,2,2,0,1,1,2,1,2,1,3,0,1,2,3,0,0,4,1,2,2,2,2,4,1,1,0,0,0,5,2,0,2,8,0,8,0,8,1,2,2,1,2,1,4,0,0,2,1,0,0,0,0,0,1,1,1,0,2,8,3,1,1,0,0,1,0,1,3,1,3,4,1,4,1,4,0,2,10,0,4,5,0,2,2,2,0,2,3,1,5,0,0,3,3,2,8,0,2,0,2,1
8,11,3,0,0,7,3,1,6,11,0,2,4,3,13,10,1,15,3,12,1,0,1,0,13,11,2,1,3,3,4,0,1,13,3,2,2,0,3,1,2,3,2,1,5,0,0,9,1,0,2,0,13,9,8,10,4,2,6,14,2,13,1,0,11,7,1,5,42,7,10,1,2,5,7,6,18,9,19,15,5,7,6,6,3,5,4,4,5,5,9,2,4,0,5,1,6,6,5,2,8,10,6,8,5,37,6,11,4,1,1,8,21,11,0,4,5,1,6,2,3,7,5,5,5,10,4,7,5,5,4,1,0,1,5,5,7,4,4,2,4,2,4,2,14,5,7,7,0,5,20,9,2,6,4,0,2,4,2,10,0,39,4,2,8,18,7,8,18,4,3,4,6,13,3,0,8,8,7,5,4,8,1,0,1,4,9,2,2,5,7,8,7,16,2,2,7,9,7
6,5,7,4,0,1,2,3,4,5,1,2,3,18,1,4,3,4,5,6,4,7,3,0,3,3,4,0,12,12,2,4,3,6,4,1,0,2,2,0,0,3,0,2,2,3,5,3,10,5,3,8,6,4,3,8,5,3,6,1,4,8,2,0,7,8,2,16,0,4,4,2,5,0,9,0,4,1,1,99,11,7,10,0,6,2,4,9,3,5,7,0,1,15,0,0,3,6,4,1,5,2,1,2,7,2,2,2,4,5,2,0,8,3,0,2,3,5,5,1,6,5,3,1,20,9,1,3,1,3,6,2,2,1,3,4,2,1,2,1,35,2,2,9,6,4,3,3,9,2,0,13,2,5,2,4,1,5,9,1,2,1,1,2,9,11,1,10,17,2,1,2,7,3,5,6,1,1,1,6,4,10,4,5,1,5,31,1,0,3,11,0,0,7,1,6,1,3,5
0,3,1,0,1,0,1,4,0,0,7,1,2,0,1,0,2,0,0,3,1,1,1,0,0,1,0,1,0,0,0,0,1,0,1,6,0,1,2,11,2,0,0,0,2,0,0,0,1,0,0,7,2,0,2,4,1,1,0,3,1,0,3,2,0,2,1,2,1,3,1,1,0,0,3,0,0,0,0,2,0,1,0,0,1,0,1,0,0,2,0,2,5,0,14,6,4,1,2,0,7,1,0,0,2,0,0,0,1,0,3,0,0,1,1,2,0,0,1,0,2,6,1,0,0,0,4,2,1,2,7,0,2,0,0,2,2,5,1,1,0,4,1,16,1,2,0,1,0,0,2,1,4,1,1,2,0,1,0,0,0,0,1,1,7,4,0,2,0,1,1,0,0,1,0,2,0,1,0,2,3,1,1,0,3,3,0,0,55,1,0,1,3,1,3,2,0,2,0
3,2,0,0,1,0,0,0,1,2,0,3,2,2,0,1,5,3,1,2,0,0,3,0,0,4,2,1,0,1,0,0,5,0,0,5,2,0,2,1,5,0,0,0,0,0,0,0,6,0,0,0,0,0,1,1,1,1,3,0,0,5,0,1,3,1,2,0,1,4,0,0,2,1,5,0,2,6,2,1,0,1,4,0,0,2,2,0,5,0,0,0,0,0,0,2,1,1,1,1,0,2,2,0,2,10,4,0,5,1,2,5,0,0,0,3,0,0,5,0,0,3,1,1,2,0,2,1,0,23,1,0,5,0,2,1,3,4,2,0,3,1,2,1,3,5,1,1,0,4,11,10,3,0,1,0,1,3,5,4,0,23,1,0,2,3,0,0,0,1,2,3,5,5,36,0,1,1,0,0,1,1,0,0,2,4,4,4,2,0,4,1,2,5,2,1,1,2,1
3,3,2,1,0,3,0,5,1,6,3,11,3,15,6,4,2,7,3,5,3,15,7,6,5,3,3,0,0,11,4,2,11,3,3,1,11,3,4,5,1,6,3,5,4,7,16,3,3,3,4,0,5,3,6,1,3,3,5,4,4,9,6,1,7,3,3,2,6,4,3,2,2,6,2,6,3,4,3,1,0,7,10,22,7,3,5,3,3,1,5,9,0,0,3,11,4,4,2,1,5,5,7,5,4,14,12,2,1,1,0,2,0,1,1,0,7,0,3,2,5,2,2,2,3,2,3,2,2,5,2,2,10,0,5,5,5,2,2,1,4,3,4,6,10,9,5,9,0,2,2,10,3,1,7,1,1,2,2,4,0,11,5,2,5,9,4,1,8,3,0,3,6,4,2,5,0,5,4,4,1,7,1,0,1,5,8,0,3,0,6,4,3,14,5,3,5,7,2
2,11,8,8,14,2,6,3,2,13,1,7,6,9,1,0,0,10,1,14,1,17,1,17,0,7,6,9,6,6,5,6,52,3,11,2,26,1,0,2,4,4,10,0,5,0,1,4,19,0,7,2,6,2,6,6,3,5,4,5,2,3,24,18,6,8,4,4,8,4,10,21,4,3,16,5,1,1,1,12,2,7,4,1,3,6,3,0,6,2,2,1,4,1,3,0,6,8,10,1,2,2,5,6,7,34,4,9,15,2,31,3,8,14,15,41,1,0,4,0,8,2,4,3,2,1,3,1,1,11,7,1,19,0,0,2,1,2,11,5,4,15,7,6,2,11,3,12,0,4,2,10,8,6,4,0,0,0,2,5,0,1,1,1,5,2,3,0,2,4,3,13,6,7,3,50,14,2,4,2,2,5,5,1,62,6,2,2,45,1,4,5,3,6,3,4,5,8,4
2,0,1,1,1,0,0,0,0,1,0,1,0,1,0,0,0,0,0,0,2,0,0,1,1,1,0,0,0,0,2,0,0,5,2,3,0,0,1,1,0,0,0,0,0,0,1,0,0,0,0,1,0,2,1,1,0,0,1,0,0,2,2,0,0,2,1,1,0,0,1,0,0,0,0,1,1,1,0,2,0,0,1,0,0,0,2,1,0,1,0,0,1,1,0,0,0,0,0,0,0,1,0,2,2,3,0,1,1,1,0,3,13,3,0,2,0,0,0,0,1,0,1,0,0,0,2,0,0,0,2,4,1,0,0,2,1,0,0,0,3,1,1,0,1,1,2,0,0,0,1,0,2,1,0,2,0,0,1,2,0,1,0,4,6,1,0,1,0,1,0,1,1,0,0,0,0,0,0,1,0,2,0,0,0,1,1,0,29,0,2,0,4,0,5,1,1,1,4
0,0,0,0,2,0,0,0,0,0,0,4,0,3,0,0,0,0,2,0,1,0,0,0,0,0,0,2,0,0,0,0,0,0,0,0,1,0,0,0,4,3,0,0,0,0,0,0,0,0,1,0,0,1,0,0,0,0,0,1,0,1,1,3,1,0,0,0,5,0,0,2,1,0,1,0,0,1,1,30,4,1,0,1,0,2,1,3,2,1,1,0,0,0,0,2,0,0,0,0,0,0,1,0,3,0,1,0,0,1,0,0,2,7,0,0,1,5,0,0,1,0,0,0,2,1,2,0,0,0,0,1,0,0,0,0,4,0,0,0,0,0,2,0,0,1,4,1,0,0,0,2,0,0,3,0,0,0,0,2,0,0,0,0,0,0,1,0,1,0,1,0,1,0,3,0,2,6,0,3,2,0,0,0,1,0,1,0,2,0,0,0,0,0,3,0,0,0,2
2,1,2,0,0,5,7,4,5,1,0,1,1,1,3,0,0,2,0,0,2,31,16,7,0,2,3,1,4,2,1,0,7,2,1,8,1,1,3,4,0,2,2,0,0,0,3,1,2,4,1,13,3,0,0,3,3,6,4,1,3,2,0,1,5,6,0,0,7,6,0,4,1,3,1,0,3,0,4,3,1,2,4,3,5,1,0,4,1,1,2,3,3,1,4,2,2,2,4,2,0,2,7,0,1,10,0,1,1,0,13,0,0,0,10,4,0,1,8,0,2,1,3,1,0,0,0,1,1,4,5,0,2,7,2,0,1,3,4,1,1,5,3,2,1,5,2,1,0,1,0,5,1,2,0,12,1,0,1,0,0,1,2,1,7,10,5,6,2,2,0,0,1,1,1,0,5,0,1,4,1,1,6,2,0,4,0,0,2,2,3,3,1,5,1,2,6,4,1
3,15,2,2,0,4,0,3,3,4,0,3,0,4,53,3,3,1,2,2,4,13,1,0,1,6,1,2,6,8,6,3,26,2,4,0,18,0,6,12,1,2,3,11,3,7,25,2,2,1,1,0,5,6,48,5,6,3,3,5,1,2,0,0,4,6,4,1,7,9,1,2,9,10,7,3,6,1,3,0,0,4,9,10,3,5,3,8,4,2,10,19,0,0,2,0,4,4,5,0,3,2,2,1,3,3,5,0,3,1,1,4,1,1,0,3,0,0,7,1,16,10,2,1,1,0,1,3,2,4,17,0,2,4,0,19,7,3,5,1,0,5,2,1,1,1,5,6,0,5,0,6,0,5,1,0,3,4,0,3,0,0,1,5,8,10,4,1,3,3,1,1,9,4,5,0,4,2,4,2,4,13,1,1,4,13,2,3,2,3,2,0,2,12,4,7,2,1,3
13,24,8,6,8,7,6,15,7,8,13,9,6,10,39,6,4,5,7,11,10,92,25,19,3,21,2,1,4,13,14,21,37,11,14,18,22,11,7,3,4,6,16,24,13,40,76,12,18,6,15,5,14,8,5,5,10,5,7,15,10,6,12,12,7,10,4,9,13,17,5,17,9,15,11,3,2,1,6,2,0,7,6,31,4,11,9,9,7,4,4,11,17,3,3,10,6,17,10,17,2,8,5,3,7,16,6,2,6,1,28,4,0,4,1,10,7,0,12,6,20,7,6,1,3,1,4,2,24,3,79,3,6,18,24,12,4,14,9,6,1,10,12,4,10,8,2,9,2,15,0,5,5,10,5,5,20,7,2,5,1,9,12,6,8,29,17,15,36,11,7,3,9,4,12,91,9,13,31,7,7,19,13,20,3,46,1,4,4,7,10,7,4,30,14,6,3,16,6
9,6,1,2,0,9,2,8,7,14,17,2,10,13,18,8,11,3,11,8,3,9,7,3,13,21,10,7,1,11,2,20,12,9,2,4,13,2,2,9,7,24,2,23,4,9,114,8,17,20,18,0,8,22,36,5,11,9,8,6,4,8,0,1,10,12,8,23,9,7,14,2,4,6,6,2,14,3,3,2,0,9,12,41,5,15,3,6,3,3,7,2,8,1,3,3,1,5,9,13,7,7,8,5,6,7,7,9,3,0,17,6,2,2,0,7,10,1,17,11,2,8,4,7,2,1,4,1,14,2,20,11,5,2,7,7,2,8,5,3,7,5,3,2,5,4,9,7,2,5,7,10,1,17,5,4,8,7,5,6,0,8,3,6,6,68,5,12,14,5,6,2,11,2,4,25,1,3,31,1,4,7,2,9,4,27,4,4,4,5,5,11,6,31,4,4,13,9,3
5,10,2,1,2,3,3,0,2,7,4,1,1,7,8,3,2,5,0,3,5,5,0,3,0,7,3,10,1,3,3,0,1,2,4,8,9,2,2,1,0,4,0,0,2,4,2,2,11,0,0,2,3,1,1,0,2,2,3,4,4,2,10,6,3,0,5,3,7,1,3,3,2,0,3,0,2,6,3,1,0,1,6,1,5,2,6,5,3,1,6,4,1,0,0,16,4,3,3,8,4,1,4,2,5,0,5,1,7,1,4,11,0,0,0,1,8,0,5,2,18,2,5,2,1,0,5,2,0,2,1,1,0,0,2,9,4,4,1,3,5,1,5,2,7,5,2,1,1,0,2,8,5,0,0,3,3,2,9,3,0,5,0,4,2,4,1,3,4,5,0,2,3,8,6,3,0,10,8,4,0,1,2,0,5,2,0,4,59,3,2,5,4,4,4,6,3,7,3
3,7,5,1,0,2,1,1,1,1,0,3,0,1,4,0,0,2,0,3,0,0,1,0,0,5,2,2,2,1,3,0,1,1,2,0,2,0,1,0,0,0,0,8,0,1,10,1,1,0,1,0,2,4,8,0,1,0,0,0,0,2,0,0,3,4,2,2,3,0,1,3,1,1,1,1,3,8,3,2,0,2,3,0,2,0,0,3,2,0,0,2,1,2,0,2,5,1,0,1,0,0,1,3,1,1,0,0,1,0,0,2,13,11,0,4,0,2,0,1,2,0,4,0,0,0,1,0,2,2,0,1,0,0,1,0,5,0,1,1,0,3,2,1,2,0,3,1,0,0,5,3,0,0,0,0,0,2,0,4,0,5,0,1,2,1,0,3,0,1,0,1,2,0,0,1,1,2,3,1,2,0,0,0,0,10,0,0,15,1,1,0,0,7,0,0,0,0,2
41,30,23,16,11,11,10,11,23,24,4,88,14,22,9,17,20,20,24,12,13,14,16,3,16,53,10,30,36,71,12,26,18,25,5,15,23,13,15,3,30,21,29,5,19,20,48,21,49,62,39,62,24,42,18,29,25,16,16,26,5,37,4,17,20,20,18,28,22,14,16,20,17,20,23,20,3,7,12,670,21,14,25,4,8,17,21,57,5,20,28,14,14,89,10,8,29,20,16,5,11,26,11,12,22,43,35,12,6,5,24,8,119,110,12,15,19,35,24,24,21,14,18,35,37,93,3,24,11,14,85,21,19,9,11,19,13,13,40,14,3,15,17,31,13,12,53,20,42,31,10,11,5,33,17,9,40,12,9,23,34,6,14,13,32,94,15,55,60,6,7,4,47,13,34,52,11,20,14,10,17,29,20,22,64,47,9,3,29,21,18,17,11,47,9,11,15,31,19
1,2,1,4,0,2,1,1,0,1,6,1,0,2,2,0,1,0,1,3,3,20,9,0,2,2,3,1,0,7,1,1,20,8,1,5,1,0,2,6,5,3,2,1,2,3,2,2,34,17,2,0,7,4,2,3,4,1,0,3,2,1,2,2,1,2,4,4,0,3,1,3,0,1,2,1,0,1,3,3,0,2,1,3,2,3,0,4,0,5,4,7,1,0,0,2,0,1,2,3,0,2,1,0,2,1,1,0,2,1,8,5,0,0,3,9,2,0,5,0,2,0,2,1,0,2,0,0,11,1,6,1,4,3,0,5,3,9,1,4,2,3,8,1,0,0,3,6,4,1,0,3,1,0,6,1,3,6,3,3,0,0,1,4,1,6,3,3,5,1,2,0,5,2,1,14,3,0,4,2,3,2,1,1,0,2,4,0,0,2,2,0,2,4,2,1,0,2,4
1,3,0,3,0,0,0,0,0,2,0,2,0,2,0,1,0,0,0,0,0,0,0,0,1,3,2,4,0,0,0,0,0,0,0,0,1,0,2,0,0,0,0,0,0,0,0,1,1,0,0,1,1,5,0,0,0,0,0,0,1,4,1,0,0,0,0,0,0,0,0,0,1,0,0,1,1,3,2,17,2,0,1,0,0,1,0,6,0,5,2,0,0,3,0,0,1,1,0,1,0,2,0,1,0,1,3,0,0,0,0,0,7,3,0,0,0,1,1,0,0,0,3,1,0,3,1,0,0,0,0,0,1,0,1,0,0,1,0,0,0,0,0,0,0,1,2,0,0,2,0,2,1,1,0,0,0,1,0,1,0,0,0,0,1,3,0,1,2,0,0,0,1,0,0,0,0,0,0,1,0,0,0,0,2,1,0,0,5,2,0,3,0,2,0,1,0,0,2
0,0,3,4,0,0,5,7,6,4,6,3,1,5,9,9,2,3,5,2,2,11,21,5,3,2,0,3,1,9,0,1,15,2,5,4,6,8,3,7,15,16,8,4,7,13,43,1,16,8,5,0,9,1,1,2,3,1,3,2,2,4,9,6,7,2,7,5,7,6,2,7,0,6,3,2,1,0,3,4,1,1,4,44,0,3,3,10,1,0,4,0,5,0,6,1,4,6,2,3,3,3,2,0,5,15,2,2,1,7,5,3,0,0,4,3,3,0,4,6,2,1,3,1,1,0,0,0,9,4,16,1,4,4,5,2,3,3,5,0,1,6,5,2,5,8,2,5,1,4,1,1,0,4,13,5,4,2,2,2,0,4,2,4,0,17,2,9,12,4,2,2,3,7,5,19,3,6,2,3,6,1,7,14,6,15,3,0,0,1,5,1,1,7,1,2,0,2,2
2,0,2,3,0,3,2,5,3,7,5,1,3,4,1,9,0,10,1,18,2,5,1,1,8,10,2,0,6,1,1,6,11,2,2,2,54,10,5,0,4,0,2,0,1,2,2,2,3,0,4,0,5,1,11,1,2,5,5,16,3,7,4,3,2,10,4,6,3,5,5,1,6,0,5,2,2,2,3,0,0,14,3,7,6,4,3,4,4,0,5,1,1,0,3,1,4,3,7,0,0,3,4,1,8,34,2,5,7,7,7,5,0,0,4,1,1,0,7,1,0,1,0,5,2,2,4,1,1,16,2,17,28,4,2,7,3,11,9,8,6,4,11,1,1,4,0,2,0,0,0,7,4,1,6,4,8,3,4,3,0,0,3,1,0,2,5,84,13,2,18,6,3,0,6,1,0,6,2,4,4,11,4,0,1,7,4,0,0,5,3,6,13,19,5,3,9,8,11
2,1,1,0,1,0,0,0,1,0,2,0,2,1,1,1,1,0,1,0,0,1,2,2,1,2,1,0,2,0,0,1,5,1,0,0,3,0,0,0,0,2,0,0,4,2,1,0,5,0,3,0,0,0,0,2,0,1,0,1,0,3,1,1,1,1,2,0,0,1,1,0,0,0,0,0,3,2,0,0,0,2,0,0,1,0,1,1,1,1,0,0,0,0,2,0,0,0,1,1,1,0,1,1,3,1,2,0,1,0,4,1,0,0,1,0,2,0,3,1,0,0,0,0,0,1,2,0,0,1,0,4,12,0,2,1,2,0,1,0,9,2,1,0,0,0,0,0,0,0,0,0,0,0,0,1,0,4,1,1,0,0,1,0,0,1,0,6,7,0,0,0,5,1,11,2,0,2,1,3,0,1,0,0,1,1,0,0,1,1,0,0,2,3,0,0,1,1,1
1,0,0,0,0,0,0,1,0,0,0,0,0,0,0,0,0,0,0,1,0,0,0,0,0,0,0,0,0,0,0,0,0,1,3,0,0,0,0,0,0,0,0,0,0,0,0,0,0,0,0,0,0,0,0,0,0,0,0,0,0,0,0,0,0,0,0,0,0,1,0,0,0,0,0,0,0,0,0,0,0,0,0,0,0,0,1,0,0,0,0,0,0,0,0,0,0,0,0,0,0,1,0,0,0,0,0,0,0,2,0,1,0,0,0,0,0,0,1,0,0,0,0,4,0,0,2,0,0,0,0,1,6,0,0,0,1,1,0,0,1,0,1,1,0,0,0,1,1,0,0,0,0,0,0,0,0,0,0,0,0,0,0,0,0,0,1,0,0,0,0,0,0,0,3,0,0,0,0,0,0,0,0,0,0,0,0,0,0,0,0,0,0,0,0,0,0,0,0
0,0,1,1,0,2,1,2,1,0,0,4,1,0,0,1,0,1,0,2,0,0,1,0,0,6,0,0,1,0,0,0,0,2,0,0,3,2,0,0,1,0,1,2,1,0,0,0,0,0,0,2,2,0,6,2,2,0,4,2,4,0,0,0,2,3,1,0,9,2,3,1,0,1,0,4,1,2,1,1,0,1,4,0,1,0,4,0,7,3,0,0,0,0,1,0,0,3,3,0,2,0,4,1,1,2,3,1,5,0,0,0,0,0,0,3,0,0,0,7,2,0,0,0,1,0,3,3,2,12,1,0,2,1,1,2,1,0,1,0,3,0,0,2,0,2,2,0,0,1,0,5,1,0,2,0,0,1,1,2,0,0,3,1,1,0,0,1,0,0,2,0,1,2,4,1,0,0,1,0,0,1,0,1,0,0,0,0,31,0,2,4,0,3,3,2,0,2,1
20,10,16,10,3,12,3,10,14,6,2,22,4,15,14,16,12,10,11,9,4,31,3,6,10,33,4,21,2,23,10,2,7,10,7,5,13,5,15,13,22,15,19,10,10,11,45,11,14,14,17,9,18,45,20,16,11,18,8,13,2,11,3,7,5,9,12,24,14,11,8,4,5,5,12,7,7,6,21,159,17,9,22,15,5,8,11,25,10,25,15,10,18,104,4,8,9,9,7,3,4,10,6,4,14,30,10,5,4,5,5,4,93,107,1,7,8,32,13,7,3,9,8,22,11,17,3,7,11,18,41,10,7,7,12,8,10,6,16,4,4,15,15,42,5,11,19,8,37,11,8,11,6,7,9,10,27,5,6,0,44,9,10,11,14,39,7,16,31,6,15,2,19,2,15,26,15,7,9,4,6,18,9,17,6,39,6,1,3,13,16,11,2,31,12,11,7,23,8
1,0,1,0,0,0,5,1,1,2,0,1,2,5,0,0,0,4,0,1,0,1,3,0,3,0,0,3,0,1,3,0,0,3,4,1,6,2,0,0,0,2,0,0,0,2,1,0,0,0,2,0,0,0,0,1,1,3,2,3,1,3,0,0,1,1,2,0,2,2,5,0,4,1,5,3,3,2,1,3,0,0,1,6,4,1,9,1,4,3,0,3,0,0,1,1,3,2,4,0,5,2,3,3,0,0,6,2,1,3,0,6,0,0,0,0,1,0,1,0,3,1,3,1,2,0,2,2,1,1,0,5,1,0,1,2,1,6,0,1,3,1,1,6,0,5,1,1,0,2,0,6,1,1,0,0,0,4,11,0,0,0,0,1,0,3,1,1,0,1,0,1,1,10,1,0,0,8,7,2,2,2,0,0,0,2,3,0,2,0,4,2,1,3,1,7,1,1,0
19,17,18,9,7,7,3,7,21,14,3,24,14,20,25,9,11,5,19,6,9,5,2,0,9,44,16,19,9,11,8,5,11,12,12,14,7,11,11,7,22,6,15,3,9,1,24,3,10,4,3,13,27,25,9,13,10,16,12,9,9,8,8,12,19,12,18,15,6,9,23,15,8,4,3,10,5,8,9,279,25,3,14,6,3,3,6,10,4,15,13,10,16,33,5,5,11,5,6,3,5,12,5,10,16,19,9,6,5,2,7,4,109,125,0,11,8,14,14,3,17,6,11,9,51,15,4,2,4,11,15,4,8,6,3,17,2,9,7,3,4,6,14,20,2,2,18,5,23,2,2,14,10,25,17,4,12,10,5,7,20,2,6,12,13,31,11,15,13,2,7,3,20,3,6,52,6,12,10,9,3,11,11,5,6,23,5,3,34,15,13,20,1,23,8,15,8,22,5
0,2,2,0,2,1,0,3,3,3,3,1,4,4,0,2,2,3,1,0,1,12,0,0,0,2,0,2,2,1,2,7,1,0,1,0,2,4,1,0,0,1,0,0,2,1,1,0,1,1,5,0,0,0,0,5,0,4,1,3,4,2,0,0,5,4,0,0,1,3,0,1,3,2,1,1,2,2,0,0,0,2,0,0,2,3,1,1,0,1,2,4,3,0,0,0,3,2,1,0,0,3,2,4,0,11,2,0,0,0,1,0,4,0,0,1,0,0,2,0,1,1,4,1,0,0,4,1,0,3,2,1,6,0,0,0,2,3,0,17,5,2,0,3,12,2,3,0,0,1,0,2,1,6,0,0,0,3,0,0,0,2,5,1,1,0,1,2,0,3,3,2,4,3,7,2,0,0,1,7,2,6,0,0,3,9,0,0,0,1,9,0,0,1,1,2,2,4,2
2,1,0,2,0,0,1,0,1,2,0,2,2,1,1,1,2,0,1,2,0,1,2,0,2,0,0,0,2,0,0,0,14,1,0,1,0,1,1,2,0,1,9,0,0,6,2,2,10,3,4,5,1,5,0,0,0,3,1,1,2,1,0,1,1,0,1,3,1,3,5,0,3,0,4,5,1,1,0,60,2,0,0,0,0,0,0,2,0,0,4,2,1,0,0,0,0,4,3,17,0,0,2,2,0,0,6,0,2,0,2,0,2,15,11,3,3,0,4,0,1,2,1,1,8,7,3,0,0,0,2,2,4,2,1,0,2,4,1,0,0,2,2,3,0,2,0,3,30,7,2,0,2,3,0,2,0,1,2,4,11,0,0,0,3,12,0,4,20,1,2,0,3,3,0,0,1,0,2,0,1,3,7,1,13,2,0,0,0,0,2,2,0,0,0,2,1,4,0
9,10,4,7,4,9,4,12,5,12,8,9,4,3,65,6,8,5,4,3,7,101,81,4,9,8,1,6,10,13,9,6,57,12,4,1,16,3,7,6,16,6,6,2,6,9,24,7,39,25,5,0,8,24,1,5,10,11,7,10,4,10,6,16,4,6,9,11,6,13,7,5,1,31,4,2,1,2,11,3,0,7,25,13,10,7,5,2,1,2,9,3,11,7,2,9,12,6,6,23,1,10,3,0,8,16,10,1,7,5,24,8,0,0,12,15,7,2,15,7,12,8,5,4,5,7,3,12,21,6,11,4,1,27,21,21,12,9,14,3,2,8,8,5,13,5,5,5,0,9,7,1,1,7,7,3,2,3,4,10,0,4,6,10,3,33,10,6,28,5,3,5,11,8,17,85,8,8,7,3,7,11,9,4,9,114,3,1,4,4,5,5,5,9,6,7,2,22,7
0,1,0,0,1,0,1,3,0,1,0,0,2,2,1,0,0,0,0,2,1,3,9,2,0,1,0,0,0,0,1,0,4,1,1,0,4,1,0,0,0,0,0,0,1,0,0,0,0,0,1,0,1,0,0,1,0,0,2,2,1,0,0,0,2,0,0,0,1,0,1,0,2,0,1,0,3,4,0,0,0,0,1,0,1,3,1,3,2,0,0,0,0,0,1,2,0,0,0,0,3,1,1,5,0,0,2,0,1,0,2,1,0,0,0,0,0,0,0,7,1,2,0,0,0,0,3,0,0,0,0,0,0,1,0,1,0,0,0,1,1,0,0,0,0,0,1,1,0,0,4,1,0,0,0,0,0,0,0,1,0,0,1,0,0,0,0,1,2,0,0,2,1,1,0,0,0,0,2,0,0,0,0,1,1,0,1,0,1,0,1,0,1,1,0,0,0,2,2
6,5,0,0,2,0,1,2,0,4,3,2,0,0,4,0,2,1,0,1,0,0,0,1,0,2,2,0,0,2,0,0,0,0,0,1,6,0,0,1,0,0,0,0,1,0,0,0,0,0,0,0,0,0,0,2,1,1,0,2,0,0,2,0,1,1,1,0,0,0,1,3,1,0,5,0,3,2,1,2,0,1,0,0,6,1,1,1,3,2,2,1,1,0,0,0,1,0,1,0,0,1,0,4,1,0,0,0,1,0,1,3,7,2,0,0,0,1,1,0,1,0,2,1,0,0,3,1,0,0,1,1,0,0,0,0,3,0,1,1,0,1,0,2,3,2,0,0,0,0,0,0,1,0,0,0,1,0,0,1,0,2,1,0,7,0,1,0,0,3,0,7,2,0,0,0,3,1,1,1,2,2,0,2,1,0,0,0,64,2,1,1,1,0,2,0,0,1,7
3,4,1,0,2,4,4,3,1,7,6,8,1,2,0,5,4,4,2,2,3,0,0,0,1,0,0,0,0,3,0,0,2,4,0,24,3,0,4,3,1,4,0,0,7,1,0,1,8,0,4,2,2,9,0,1,1,0,0,11,3,3,0,1,2,2,2,4,0,4,1,1,5,1,1,1,2,1,3,8,0,4,10,0,0,8,0,2,6,6,5,8,3,0,17,0,2,4,6,1,3,5,1,0,3,5,2,0,0,0,6,3,2,2,0,5,0,1,2,0,2,3,1,0,1,3,1,0,0,0,11,0,7,1,0,0,6,3,2,3,2,1,6,0,0,1,1,1,0,1,0,6,2,0,1,4,3,5,8,2,0,0,3,2,5,4,3,6,11,3,1,1,3,3,6,1,0,0,0,1,1,4,1,3,4,2,1,0,0,0,1,4,1,5,0,2,9,2,3
3,0,1,0,1,0,1,1,2,3,4,0,1,1,0,1,0,0,2,3,0,2,0,1,3,0,0,0,2,1,0,1,11,2,3,1,6,0,1,0,5,0,0,1,2,1,1,1,7,0,0,7,2,1,0,1,1,1,1,0,0,1,13,26,1,0,0,1,0,2,0,0,0,0,2,0,0,0,0,0,0,2,1,1,1,1,1,0,3,0,0,0,0,0,0,0,1,1,2,0,0,1,0,0,0,0,4,2,2,1,0,0,0,0,5,0,2,0,0,3,1,0,1,2,1,2,1,1,0,1,3,3,10,2,5,0,2,2,1,1,0,0,3,0,0,0,2,1,0,2,1,2,0,3,4,1,1,2,5,0,0,0,0,2,0,1,1,3,1,1,1,1,0,0,0,1,0,2,0,3,0,1,1,0,2,3,1,0,1,0,0,3,0,4,0,0,4,2,4
3,4,1,2,0,4,2,1,3,3,0,0,0,1,0,1,2,5,2,3,2,2,3,1,7,4,2,8,4,1,1,1,7,3,2,4,16,5,1,0,3,1,0,4,3,0,1,2,0,0,1,0,2,0,3,5,4,1,2,3,2,4,4,2,0,7,3,0,11,1,4,19,2,2,3,3,2,2,2,0,0,2,4,0,4,1,1,4,4,1,7,1,0,2,1,1,4,3,7,0,3,2,1,5,1,10,1,7,4,1,1,9,0,0,0,1,1,0,3,0,6,1,2,0,0,1,3,5,0,11,0,0,24,0,2,4,9,1,2,5,3,1,5,2,0,1,5,2,0,0,0,5,4,0,2,1,0,3,1,8,0,5,1,0,3,2,4,0,2,0,4,4,2,1,18,7,4,2,2,0,0,5,1,3,1,3,3,1,16,3,3,6,3,6,1,1,2,2,7
1,0,0,0,1,2,1,0,0,2,0,1,1,0,0,1,0,1,0,0,2,4,0,1,1,1,1,0,0,1,1,0,2,0,3,1,6,19,1,0,1,0,0,0,0,0,0,0,0,0,0,1,3,0,0,2,1,4,2,2,0,1,1,1,0,2,4,2,0,1,0,2,1,0,1,0,1,0,1,1,0,0,2,0,0,2,1,0,2,0,2,0,0,0,0,1,0,0,1,0,0,0,1,0,2,4,1,0,2,4,1,1,1,1,0,1,0,0,0,1,0,0,0,0,1,0,0,0,0,1,4,0,18,1,0,1,0,0,1,0,0,2,0,0,3,3,0,1,0,1,0,0,3,1,3,0,0,0,0,1,0,0,0,0,1,0,0,5,0,1,11,1,0,1,3,2,1,3,0,2,3,0,0,0,1,3,0,0,5,2,0,3,0,0,2,1,0,0,1
0,1,2,3,0,0,1,1,1,1,11,1,0,2,0,5,3,2,3,15,1,2,1,0,2,1,1,10,3,5,2,3,6,0,2,0,8,0,1,0,0,1,3,0,1,0,0,0,0,1,1,0,2,0,0,1,0,2,2,1,0,3,0,0,4,0,2,0,0,1,2,0,1,0,4,1,0,2,0,92,4,1,3,0,1,1,3,3,2,0,2,1,0,2,0,0,4,0,0,0,2,1,3,1,1,3,0,0,0,4,1,2,4,4,0,0,1,0,0,0,1,0,0,1,13,2,4,0,2,4,2,2,0,0,1,5,0,7,4,1,1,1,3,0,0,1,1,1,0,1,0,8,0,0,0,0,0,3,0,1,0,1,0,0,3,6,0,2,2,2,0,1,4,5,0,0,1,0,0,2,1,0,1,0,0,0,1,0,0,2,0,2,0,4,0,1,0,2,1
3,0,0,0,0,1,2,0,3,1,0,1,3,1,0,0,0,3,0,0,0,0,1,0,4,7,1,2,1,0,0,0,3,1,1,2,1,6,1,0,1,0,0,0,2,0,0,0,0,0,0,0,3,0,1,7,2,4,3,3,2,1,0,0,1,3,2,1,11,2,2,1,1,0,1,0,5,2,5,0,0,1,5,0,3,3,1,2,2,0,2,0,3,0,2,0,2,3,3,0,1,3,3,1,5,1,5,2,10,4,0,2,1,0,0,1,2,0,2,1,1,4,0,0,0,0,4,0,1,3,2,2,6,0,2,1,3,2,1,3,1,1,5,5,0,2,5,0,0,1,1,14,1,1,2,2,0,2,1,1,0,0,4,0,4,0,6,1,0,0,2,3,1,2,18,1,4,0,3,1,3,3,0,0,0,1,0,0,12,1,3,3,6,3,1,3,2,1,3
4,4,4,2,0,2,3,1,2,7,0,1,2,7,0,0,2,2,0,2,4,0,4,1,9,6,0,6,1,6,2,0,1,6,0,8,0,2,7,0,1,0,2,0,2,0,0,0,0,0,0,11,10,4,2,16,6,7,1,2,4,2,0,1,8,5,2,2,1,3,0,1,3,2,4,0,3,0,2,25,7,5,3,0,3,4,0,6,1,4,5,1,2,1,7,1,6,0,2,0,1,4,3,3,3,16,6,2,5,1,0,3,23,14,0,2,1,0,3,1,2,2,10,1,1,4,6,0,1,2,1,10,36,0,0,3,7,3,4,4,3,4,11,2,3,12,6,4,0,1,5,7,0,2,1,14,1,7,4,5,3,3,2,3,6,8,3,7,0,5,3,2,12,5,1,0,0,1,2,5,9,3,0,0,5,2,4,0,7,2,4,4,7,5,0,4,2,5,4
1,1,1,1,0,1,1,2,1,0,0,1,1,0,0,2,0,0,1,0,1,0,2,0,2,4,1,0,0,1,0,3,2,0,1,0,0,0,1,0,6,0,1,0,2,0,0,0,0,0,3,0,2,2,0,2,1,1,3,0,1,4,0,0,0,1,0,0,1,0,6,0,0,0,1,0,2,0,2,0,0,2,0,0,0,0,1,5,0,0,2,0,3,0,1,0,0,0,0,1,0,3,0,4,3,3,0,2,0,1,1,1,10,7,0,0,0,7,10,0,2,0,3,1,2,1,2,0,3,0,1,2,7,1,1,1,0,2,0,0,2,1,3,0,0,0,3,3,0,6,0,4,0,0,3,0,0,1,1,4,0,1,0,0,0,1,0,0,1,1,0,1,0,5,0,0,0,1,0,0,0,1,0,0,0,0,1,0,2,1,4,0,1,1,0,0,0,1,1
1,6,1,2,5,4,4,4,3,5,10,0,8,5,16,2,2,10,0,7,2,59,9,23,1,10,0,0,2,1,3,0,0,2,2,5,9,8,1,2,0,2,1,0,3,1,3,0,0,0,0,0,5,0,4,0,10,2,2,6,5,2,0,0,8,2,4,1,0,4,2,0,7,3,5,11,1,1,0,0,0,1,5,1,4,0,4,4,3,2,0,4,0,0,0,3,2,1,3,1,13,1,0,5,2,3,3,3,2,26,1,4,0,0,1,1,0,0,7,0,4,5,3,0,1,0,6,2,2,1,2,0,5,4,6,2,7,8,4,2,7,2,4,0,1,5,0,2,0,1,0,6,7,0,6,1,0,2,1,3,0,1,2,0,1,3,0,0,2,4,0,6,0,14,0,4,0,3,0,0,3,5,0,0,0,6,2,0,9,0,3,1,1,9,2,3,5,5,1
1,1,1,7,0,3,6,2,4,3,6,3,3,5,1,3,2,7,1,9,4,10,3,5,0,7,5,2,2,3,0,1,8,2,9,0,25,7,1,0,14,0,4,1,1,5,5,2,0,0,4,3,2,3,2,7,2,2,4,2,3,5,5,9,2,6,4,1,5,7,7,4,6,0,2,3,4,3,9,2,1,10,11,1,7,3,2,0,3,0,6,0,5,0,1,0,1,4,5,1,0,3,5,9,5,34,3,0,7,9,3,10,16,22,0,5,0,0,4,0,2,3,1,11,1,0,6,0,2,18,3,4,25,2,4,4,7,8,5,3,4,5,8,2,0,12,7,2,0,2,2,2,4,1,13,0,0,8,1,5,0,1,3,2,5,2,4,5,4,3,3,12,6,6,7,3,1,3,0,3,3,2,1,3,1,5,1,5,3,3,7,2,7,10,3,2,2,8,8
3,2,1,3,1,0,2,1,2,1,5,0,2,1,0,0,1,3,0,6,0,11,4,1,1,11,1,0,2,3,0,0,2,3,2,6,0,3,1,0,4,0,0,0,1,0,0,0,4,0,0,0,3,0,1,0,1,3,0,2,1,0,1,1,4,4,4,0,0,2,1,0,0,0,1,13,1,0,3,2,0,1,4,1,2,1,2,2,2,1,2,2,2,0,2,6,1,2,3,1,4,2,2,4,2,0,4,1,1,4,1,3,0,0,1,1,5,0,3,0,3,1,2,0,0,0,2,3,1,0,0,1,2,3,1,0,0,5,0,12,0,1,1,0,1,2,0,4,0,1,1,2,3,1,5,6,0,3,1,0,0,0,0,0,2,1,2,0,1,6,1,3,0,3,0,9,0,0,0,8,1,0,0,1,4,0,2,0,7,0,2,1,1,3,0,4,1,4,0
1,0,4,1,1,4,1,1,2,0,2,1,1,11,0,11,3,8,1,1,5,0,1,0,2,6,2,0,10,2,0,0,1,1,2,1,0,2,3,0,0,2,0,4,2,0,0,1,0,0,0,0,4,0,1,1,7,2,0,4,2,0,0,0,3,1,4,1,0,4,3,0,18,0,4,6,9,2,0,62,0,4,0,0,1,3,8,3,6,2,2,2,3,0,1,0,3,6,7,0,2,5,4,0,7,2,3,0,0,5,0,1,0,0,0,0,0,0,9,11,4,4,1,0,7,0,9,1,0,0,1,0,1,1,0,4,4,2,6,1,20,1,2,2,0,6,1,1,0,0,0,11,3,2,0,0,0,1,1,0,2,0,6,0,5,0,5,0,0,6,0,1,19,2,0,0,0,7,0,4,6,1,0,0,0,1,5,1,0,1,3,1,1,5,2,4,1,3,1
1,0,2,2,2,13,8,10,0,7,4,0,3,7,0,2,0,4,0,4,4,32,17,11,3,5,6,0,7,2,0,0,0,10,1,0,4,1,3,1,2,1,7,3,0,4,1,2,0,0,0,0,1,0,2,9,1,2,4,14,3,3,3,1,2,3,1,3,0,3,5,0,5,3,5,1,8,5,7,0,0,3,3,3,4,1,4,6,6,1,6,2,1,0,7,3,3,5,7,0,4,6,6,8,3,1,1,25,3,1,4,2,0,1,0,15,1,0,5,0,2,2,6,0,0,0,2,1,7,1,8,1,4,4,2,6,3,2,1,2,78,3,3,0,0,5,0,3,0,4,1,7,5,11,0,0,3,5,13,6,0,2,2,0,6,4,4,1,3,1,3,2,11,6,1,3,2,7,0,1,6,1,7,1,0,1,0,0,0,1,2,4,1,10,2,2,3,3,6
2,0,5,1,3,2,0,2,4,1,0,9,2,2,1,1,0,1,0,0,2,1,3,0,0,7,6,3,2,4,0,0,3,1,4,0,2,7,0,0,3,1,0,0,1,1,4,1,0,1,0,0,6,9,4,1,1,1,0,2,2,0,1,0,0,2,2,12,0,0,1,0,2,0,0,0,0,6,5,6,2,4,4,0,4,2,3,0,1,5,4,0,3,21,1,2,2,4,2,0,1,3,0,1,4,10,3,1,3,1,0,0,89,40,0,19,1,8,2,1,3,3,6,0,1,0,3,2,1,1,0,2,0,3,3,2,0,8,3,0,0,3,5,5,1,1,6,7,0,1,4,3,2,0,2,0,0,3,3,0,1,3,0,0,4,1,2,1,0,1,1,0,5,2,4,1,0,3,2,1,0,6,0,0,0,13,4,0,11,2,1,3,1,1,10,2,1,2,2
0,0,0,0,0,0,0,0,0,0,0,0,0,1,0,0,0,0,0,0,0,0,0,0,0,1,0,0,0,0,0,0,0,0,0,0,0,0,0,0,0,0,0,0,0,0,0,0,0,0,0,0,0,0,0,0,0,0,0,0,0,0,0,0,0,0,0,0,0,0,0,0,0,0,0,0,5,0,0,0,0,0,0,0,0,0,0,0,1,0,0,0,0,0,0,0,0,0,0,0,0,0,0,0,0,0,0,0,0,0,0,0,1,3,0,0,0,0,0,0,0,0,0,0,0,0,0,0,0,0,0,0,0,1,0,0,0,0,0,0,0,0,0,0,0,0,0,0,0,0,0,0,0,0,0,0,0,0,0,0,0,0,0,0,0,0,0,0,0,0,0,0,0,0,0,0,0,0,0,0,0,0,0,0,0,0,0,0,0,0,0,0,0,0,0,0,0,0,0
18,3,13,4,10,13,2,13,13,7,6,19,6,13,13,4,12,18,19,9,8,27,15,3,6,21,15,10,15,12,10,1,13,8,5,2,1,4,9,8,45,13,3,46,17,20,54,3,7,16,6,1,22,21,10,4,10,14,8,10,8,19,0,3,17,12,11,12,4,6,12,11,3,9,7,1,14,17,11,24,0,7,17,45,9,6,10,23,4,7,13,4,11,6,3,17,10,3,9,14,12,24,7,6,5,21,4,6,1,5,6,4,65,81,3,16,2,42,8,4,6,20,13,4,1,2,9,7,4,16,37,2,0,1,7,4,11,9,8,3,1,8,15,15,9,5,13,21,15,3,2,7,7,3,20,0,9,2,4,14,3,0,18,6,5,25,5,3,14,5,6,4,19,10,15,29,13,11,14,15,3,24,10,21,1,100,7,0,35,8,8,10,5,26,5,6,12,16,12
1,1,1,1,0,0,0,0,1,2,1,2,0,0,0,1,2,2,0,0,0,0,0,0,1,5,1,5,0,1,1,0,0,0,0,6,0,1,1,0,0,1,0,0,1,0,0,1,0,0,0,0,1,6,1,0,2,1,0,3,0,0,0,0,1,0,1,1,0,0,0,0,1,0,1,3,1,2,1,10,0,3,0,0,0,1,2,4,0,3,1,0,2,3,0,0,1,1,1,0,1,1,0,2,3,3,0,4,2,0,0,1,27,4,0,3,0,0,1,1,1,0,3,0,3,2,1,3,6,0,0,1,0,0,0,0,1,3,0,0,0,2,1,0,0,0,3,3,2,0,3,1,0,0,2,0,0,0,2,4,0,1,1,2,1,6,0,0,0,1,0,2,1,1,1,1,1,0,0,1,1,0,0,0,1,4,0,0,9,2,1,0,0,0,0,1,0,0,2
2,2,0,7,1,5,2,3,12,7,2,0,7,6,1,3,5,11,3,9,3,0,1,0,0,4,2,2,5,6,0,1,4,6,0,1,0,5,2,0,0,2,0,3,3,0,9,2,2,1,0,1,3,2,0,1,4,5,4,3,2,3,0,1,10,5,4,7,2,11,2,1,5,3,3,5,4,9,31,69,5,7,8,2,3,1,6,6,4,4,4,3,4,0,1,3,7,3,9,0,4,9,6,3,9,5,3,1,14,2,4,7,20,51,0,1,9,0,7,0,1,1,2,1,9,37,4,5,0,2,5,1,2,2,1,6,2,8,6,2,3,7,9,8,0,2,9,0,21,1,1,14,4,5,0,0,1,4,0,4,2,0,8,5,4,3,5,10,11,3,2,0,13,2,5,1,1,4,7,9,3,2,0,2,3,5,1,1,2,2,3,12,1,6,3,12,7,6,9
3,8,7,9,1,2,6,14,6,10,2,2,3,5,11,4,5,2,2,0,8,85,16,11,12,18,3,9,1,3,6,3,10,13,8,7,18,0,6,11,15,7,4,13,4,4,50,4,11,4,7,1,8,3,5,2,3,6,7,6,4,6,0,8,6,5,6,5,11,1,7,8,3,7,4,9,6,3,12,6,0,4,5,7,1,9,0,8,4,3,8,6,2,0,2,2,3,9,8,7,15,3,4,1,5,35,8,9,2,25,12,11,0,0,10,12,2,5,7,4,5,8,8,1,1,0,2,6,5,21,4,7,0,0,6,3,1,2,7,4,4,3,6,4,0,5,8,6,2,5,14,5,5,3,15,6,2,3,3,10,1,19,2,8,6,15,7,4,21,6,13,2,10,7,0,26,6,5,7,3,6,4,8,5,3,31,3,1,4,4,3,11,3,13,8,2,7,2,6
3,2,1,1,0,6,2,2,4,5,0,1,0,5,1,3,1,12,2,5,2,0,1,0,30,14,6,0,4,12,5,1,0,4,0,0,1,0,0,1,0,1,3,0,2,0,3,1,4,0,0,2,9,8,0,4,2,0,10,4,3,4,0,0,2,4,2,1,1,4,5,0,3,3,4,4,3,4,2,6,2,1,7,0,5,0,3,5,4,2,2,1,4,1,3,2,3,6,3,0,0,2,4,1,7,21,7,3,9,0,0,4,13,1,0,4,2,0,2,0,4,0,6,5,3,6,2,2,6,8,1,1,3,2,2,6,2,4,5,2,1,4,7,2,0,4,6,3,0,0,26,0,5,0,0,2,0,0,2,4,1,9,2,1,2,2,0,1,2,3,11,3,6,4,1,0,0,2,1,2,4,1,1,1,0,5,2,1,0,5,4,4,5,2,0,3,3,3,2
6,1,2,3,4,5,2,10,2,9,10,6,1,0,0,3,3,12,18,9,5,1,3,2,18,6,3,0,2,15,0,1,17,2,1,3,7,17,2,0,3,5,15,14,1,3,1,9,3,0,4,11,7,3,1,5,6,2,12,8,1,11,5,3,5,7,4,5,13,6,6,11,4,4,5,1,1,1,29,0,1,3,10,13,4,7,9,6,0,0,4,3,10,2,3,2,4,2,2,1,6,2,3,15,3,8,6,19,6,7,20,6,16,11,41,7,4,1,13,4,3,4,5,11,6,2,15,5,2,16,6,9,29,0,24,6,44,3,2,7,3,4,4,2,4,4,3,1,0,5,7,0,5,2,5,0,11,4,2,6,0,0,6,0,2,8,2,3,20,4,9,20,4,4,8,19,0,1,5,3,2,3,2,0,12,10,4,6,5,4,5,4,14,17,1,3,2,6,12
7,2,1,6,12,1,1,4,0,3,1,0,4,1,0,1,1,6,9,1,1,26,6,12,3,0,0,1,0,10,0,6,8,6,14,1,3,6,1,0,6,1,6,5,5,0,0,1,21,18,5,0,9,5,0,6,2,0,0,2,5,4,2,6,6,4,8,5,0,5,1,2,1,0,4,1,1,0,12,0,0,4,4,0,2,1,8,3,1,5,3,2,6,1,5,19,1,2,1,3,0,1,1,2,2,0,2,1,3,7,3,5,0,0,0,3,2,0,3,8,7,6,3,0,2,0,1,0,0,0,7,0,0,5,8,8,9,2,1,1,5,2,3,1,1,5,0,0,5,2,0,3,0,10,7,0,3,0,4,3,0,0,3,7,2,15,0,5,1,1,2,3,2,3,2,41,2,3,10,0,0,2,0,0,1,5,0,0,40,2,3,0,1,4,0,3,0,6,1
4,1,2,4,0,1,2,3,3,8,1,0,1,4,2,4,2,2,4,2,3,11,20,2,5,2,0,2,3,16,0,4,12,2,3,5,1,1,2,7,4,5,4,3,3,5,8,2,18,28,5,0,5,6,6,4,3,2,1,1,1,4,2,1,5,4,2,2,3,3,2,2,1,10,5,1,0,1,4,0,0,3,3,18,1,2,2,5,4,3,0,2,5,0,0,21,8,4,3,17,1,9,3,1,4,1,0,0,0,1,8,0,0,0,5,2,1,2,7,2,4,3,2,1,0,0,3,5,7,0,19,5,1,8,14,0,2,4,11,0,3,3,4,28,6,2,1,11,2,2,2,1,0,2,3,5,11,2,2,3,0,0,0,3,0,17,1,12,23,1,1,1,4,1,1,29,1,4,12,2,6,4,5,16,5,5,2,0,1,2,6,1,2,10,2,4,3,5,2
14,20,12,2,12,16,13,21,13,12,41,8,9,24,90,5,9,13,12,9,12,160,39,9,17,21,7,28,21,32,59,25,30,28,6,5,8,3,7,13,27,15,10,9,6,21,37,11,13,23,30,4,19,18,13,10,18,15,13,9,9,10,5,16,10,17,10,19,21,16,17,17,6,29,15,18,9,1,11,2,2,9,31,42,11,8,8,18,7,8,12,22,25,1,4,33,10,22,14,9,8,15,12,7,20,24,13,7,3,10,24,9,7,5,5,8,7,9,15,32,27,18,10,7,5,2,4,22,9,6,101,3,5,12,14,10,6,17,27,7,0,9,15,13,17,7,6,10,4,8,7,14,9,10,28,15,20,6,7,4,0,5,9,8,5,56,13,11,36,5,7,5,16,5,4,88,20,21,60,14,7,20,14,15,12,32,0,1,26,16,5,12,3,43,5,8,20,20,8
1,2,0,0,5,0,0,1,0,0,0,0,0,0,0,0,0,1,0,1,0,2,0,0,0,0,0,0,0,2,0,0,0,0,2,0,0,0,0,0,0,0,0,0,0,0,0,0,0,0,2,0,0,0,1,1,0,0,0,1,0,0,0,0,0,1,0,0,0,1,0,0,0,0,0,0,0,0,1,0,0,0,2,0,0,0,0,0,0,0,0,1,0,0,0,0,1,0,0,0,0,0,0,0,0,0,0,1,1,0,0,0,0,0,0,0,0,0,0,0,1,0,0,1,0,0,0,0,0,0,0,1,1,1,0,0,0,0,1,0,1,1,0,7,1,1,0,0,0,1,1,0,0,0,0,0,0,0,0,0,0,0,0,0,0,0,0,1,1,0,0,1,0,1,0,2,0,0,0,1,0,0,0,0,2,0,0,0,4,0,1,0,0,0,0,0,0,0,0
6,0,0,0,0,0,0,0,0,0,0,0,0,0,0,0,0,0,0,3,0,4,0,0,0,0,0,0,0,0,0,0,0,0,0,0,0,0,3,6,0,0,0,0,0,11,0,0,0,0,0,0,0,0,0,0,0,0,0,0,0,0,0,0,0,0,0,0,0,0,0,0,0,0,0,0,0,0,0,0,0,0,7,0,0,0,0,0,3,1,0,0,0,0,0,0,0,0,1,0,2,0,1,0,0,0,0,0,0,0,0,0,0,0,0,0,0,0,0,0,0,0,0,0,0,0,0,2,0,0,0,0,0,1,0,0,0,0,0,0,2,0,1,5,0,0,0,0,0,7,0,0,0,0,0,0,0,0,0,0,0,0,0,0,0,0,0,0,0,0,0,3,3,0,0,0,0,0,1,4,0,0,0,0,0,0,0,0,2,0,1,0,0,0,0,0,0,0,0
0,0,0,0,0,0,0,2,0,0,1,0,2,1,0,0,0,0,0,0,3,0,1,0,0,2,0,0,0,1,0,0,1,0,0,1,0,0,0,3,0,0,0,0,0,0,0,0,1,0,0,0,2,0,0,1,1,0,0,0,1,0,0,0,0,0,0,0,0,0,1,0,1,0,0,0,1,0,5,0,0,0,2,0,2,0,1,0,0,0,0,1,0,0,0,0,1,0,0,0,3,2,1,1,1,0,1,0,0,0,0,0,0,0,0,1,0,0,2,0,0,2,1,0,0,1,0,0,1,1,0,2,0,0,0,0,1,0,1,0,1,0,1,0,0,3,0,2,0,0,0,0,0,0,0,0,0,3,0,0,0,1,0,0,1,0,0,3,0,0,1,0,1,1,0,2,0,1,0,0,2,1,0,0,5,0,1,0,0,0,0,0,0,1,0,3,0,0,0
0,3,0,1,0,0,0,0,0,0,0,0,1,0,0,0,0,4,0,9,0,0,0,0,0,0,0,0,0,0,0,0,2,0,1,0,1,6,0,0,0,0,0,0,1,0,0,0,0,0,0,1,0,0,0,0,0,0,0,0,0,0,0,0,2,0,0,0,0,0,1,0,0,0,0,0,0,0,8,0,0,0,0,1,0,0,0,1,1,0,0,0,0,0,2,1,1,0,1,0,0,0,0,7,2,0,0,0,0,0,1,1,0,0,0,0,1,0,8,0,0,0,0,0,0,0,4,0,0,0,0,0,237,0,0,3,3,1,0,3,15,0,0,2,0,3,0,0,0,0,0,0,0,0,0,0,0,0,0,0,0,0,0,0,0,0,0,0,0,0,0,7,0,0,1,0,0,0,1,0,1,0,0,0,0,0,0,0,0,0,0,0,0,0,3,0,0,0,0
6,1,1,1,1,0,1,0,2,2,0,3,2,1,4,3,2,1,1,1,0,0,0,0,9,6,0,0,0,2,2,0,0,5,3,4,1,0,3,1,0,0,2,0,5,0,3,2,1,0,3,1,3,2,3,3,1,0,5,4,4,1,0,1,3,2,5,2,6,3,0,1,4,0,1,3,6,2,3,8,1,5,3,0,0,0,3,2,0,1,0,1,4,1,21,1,1,0,2,1,1,2,1,4,2,7,6,0,5,0,0,3,30,10,0,0,1,1,4,4,3,1,8,18,2,3,2,4,1,7,1,1,2,1,2,2,0,0,1,1,0,1,2,0,0,6,4,3,0,2,6,3,3,0,0,1,1,1,1,8,1,17,2,8,3,4,0,4,3,1,3,2,15,2,0,3,0,8,1,1,1,3,0,0,3,4,3,0,1,3,3,6,8,4,0,6,4,3,5
10,10,3,17,5,2,6,4,8,8,2,20,11,6,0,5,2,3,12,6,3,3,6,0,5,11,2,46,5,8,9,13,11,12,15,0,9,4,3,1,2,12,8,1,6,0,8,7,10,13,1,11,14,9,7,13,3,4,3,4,1,8,5,0,11,6,5,8,1,6,2,7,3,2,7,0,3,1,10,174,21,7,18,0,1,6,5,22,5,16,9,1,9,13,1,2,6,4,5,3,6,13,7,5,11,10,4,4,3,4,3,7,55,76,0,4,7,14,4,4,5,1,3,6,19,24,2,4,1,5,14,1,11,3,5,6,4,2,11,9,4,5,7,11,0,6,13,9,10,3,1,8,1,6,2,4,4,7,2,5,4,2,1,2,11,4,8,6,11,2,1,1,13,12,6,6,5,6,3,7,3,6,6,1,7,20,5,0,5,8,7,8,4,17,8,8,1,5,11
0,0,0,0,1,0,0,0,0,0,0,1,0,0,0,0,0,1,0,17,0,0,0,0,0,0,0,0,0,0,0,0,0,0,0,0,0,1,0,0,0,0,0,0,1,1,0,0,0,0,0,0,0,0,0,0,0,0,1,0,0,0,0,0,4,0,0,0,0,0,0,1,1,0,0,1,0,0,11,0,0,0,1,0,0,2,0,0,0,0,0,0,0,0,0,0,0,0,0,0,0,0,0,1,0,0,0,0,1,0,0,2,1,0,0,0,0,0,4,0,0,0,0,0,0,0,1,0,0,0,0,0,95,0,0,0,1,0,0,0,0,0,0,0,0,0,0,0,0,0,0,0,0,0,0,0,0,0,0,0,0,0,0,0,0,0,0,0,0,0,1,2,0,1,2,0,0,0,1,0,0,0,0,0,1,0,0,0,2,0,1,0,0,1,1,0,0,0,0
0,0,2,0,0,1,1,0,0,1,1,0,0,1,0,0,0,2,2,5,1,0,0,0,2,0,0,0,1,0,0,0,0,0,0,0,4,3,0,2,0,0,0,0,1,0,0,1,0,0,0,0,0,0,1,3,1,2,2,1,1,3,2,0,2,3,0,1,1,0,1,1,2,0,0,0,0,1,2,0,0,0,3,0,0,2,3,1,1,1,2,0,4,0,0,0,0,1,2,0,1,2,2,5,1,1,1,0,2,1,1,2,0,0,0,0,0,0,2,0,1,1,0,3,0,0,3,0,0,0,4,0,3,0,1,4,12,2,2,0,0,0,1,2,0,0,2,2,0,1,0,1,2,1,0,0,0,2,0,0,0,0,0,0,0,0,2,1,2,0,2,0,0,0,1,1,0,2,4,2,3,2,0,0,0,0,2,0,5,0,0,0,1,2,2,2,1,0,0
11,2,1,0,2,1,3,2,1,4,2,1,0,4,1,5,0,8,3,1,2,0,28,0,1,0,1,0,1,3,0,2,18,17,5,2,4,4,2,3,11,1,2,0,0,0,0,2,0,0,2,2,4,0,1,4,2,3,11,5,0,1,15,9,1,1,4,3,3,1,1,23,2,2,5,2,2,1,4,1,0,0,2,0,5,1,1,3,2,1,2,0,12,0,1,1,3,1,3,2,1,1,5,0,3,5,3,2,10,1,33,6,2,5,17,2,2,0,9,1,10,2,2,0,1,0,6,1,0,3,10,0,18,2,1,4,5,6,1,0,2,5,3,1,0,6,0,0,3,1,4,3,5,6,12,1,7,1,2,5,1,0,2,0,4,3,4,0,0,1,6,11,9,3,25,43,2,1,2,9,5,1,0,0,2,8,3,3,22,0,4,12,5,1,4,3,2,6,8
9,33,2,5,209,0,3,8,1,5,0,0,3,1,4,2,7,4,0,2,5,47,7,71,1,1,0,6,2,14,5,0,14,3,7,1,38,0,1,17,2,4,0,2,9,3,4,7,1,0,4,0,15,0,1,3,1,9,12,6,7,2,25,13,17,5,5,5,13,4,7,1,1,1,12,1,3,0,10,2,0,7,5,3,12,3,4,8,4,5,4,3,2,0,1,114,3,10,4,2,5,2,1,3,6,3,5,9,1,2,11,1,0,0,1,26,5,2,1,1,0,9,3,0,2,0,4,25,6,0,12,0,0,2,19,11,10,2,0,0,3,1,8,1,6,4,2,5,0,3,2,0,2,8,2,6,0,4,0,3,0,0,0,0,3,8,2,3,9,1,1,9,5,3,5,37,3,4,0,8,3,10,3,1,3,4,6,0,108,2,3,5,1,3,1,13,18,21,4
5,8,1,2,0,3,3,3,3,7,1,2,1,2,2,3,0,6,2,0,1,42,58,13,1,6,0,0,1,5,3,11,21,14,1,7,28,11,2,0,5,22,5,0,7,4,6,9,1,0,67,5,6,1,4,6,6,3,5,8,8,3,30,17,7,5,1,3,6,12,6,3,3,0,3,0,0,1,6,2,0,2,7,7,4,3,1,4,1,0,5,0,5,0,1,2,2,5,1,1,0,5,3,3,3,8,6,5,1,0,55,8,0,0,22,11,2,0,4,5,1,2,3,1,2,1,9,3,7,4,3,0,19,2,2,0,10,5,3,0,4,16,3,0,6,3,5,2,1,1,1,6,4,8,6,0,1,1,1,4,0,0,3,2,0,8,4,2,4,5,2,6,1,1,2,6,2,14,0,0,3,7,0,1,3,3,1,9,15,4,3,1,3,8,8,3,10,12,9
5,2,8,2,2,1,4,2,2,7,12,0,2,2,0,6,5,0,1,1,5,4,0,0,1,0,0,0,0,2,1,0,1,4,5,8,2,0,3,7,3,0,0,1,4,2,2,0,13,0,0,1,3,7,2,1,1,3,5,10,4,7,0,1,0,1,10,4,0,3,5,0,4,1,9,3,1,0,3,4,0,7,13,0,4,0,4,6,3,1,2,2,2,0,7,0,8,1,3,0,2,3,2,1,4,2,2,0,3,3,19,5,2,4,1,10,3,0,4,0,0,1,0,1,2,0,4,1,7,0,1,2,4,0,2,1,9,9,1,1,3,1,2,1,0,3,0,4,0,1,1,3,3,1,4,2,0,2,4,6,0,1,0,1,6,0,5,6,5,4,2,0,3,2,2,0,0,7,0,2,2,5,5,2,1,4,2,0,2,1,2,5,5,8,1,3,4,3,5
4,10,5,3,1,4,1,2,2,2,1,2,3,6,2,6,10,4,5,4,5,1,5,3,6,11,2,1,5,9,1,3,8,5,4,6,2,3,2,0,3,3,4,2,3,4,11,6,8,10,5,0,6,2,1,8,5,5,5,7,3,2,3,2,11,7,2,2,4,5,3,1,1,2,3,7,1,3,5,2,0,5,4,3,1,7,4,12,2,7,3,5,6,0,4,1,2,5,4,7,3,6,2,5,7,5,4,0,9,3,12,9,2,8,0,1,2,0,5,4,7,1,5,6,0,0,1,6,3,3,23,5,2,1,6,8,4,2,11,13,5,4,4,3,0,4,9,4,3,0,2,7,3,4,3,1,10,10,2,7,0,5,5,0,6,4,1,13,5,6,4,1,3,5,5,6,0,4,5,2,0,3,4,5,9,11,2,1,3,3,6,6,3,6,1,8,2,9,6
0,0,0,0,0,0,0,0,0,0,0,0,0,0,0,0,0,0,0,0,0,0,0,0,0,0,0,0,0,0,0,0,1,0,0,0,0,0,0,0,0,0,0,0,0,0,0,0,0,0,1,0,0,0,0,0,0,0,0,0,0,0,0,0,0,0,0,0,0,0,0,0,0,0,1,0,0,0,0,0,0,0,0,0,0,0,0,0,0,0,0,0,0,0,0,0,0,0,0,0,0,0,0,1,0,0,0,0,0,0,0,1,0,0,0,0,1,0,0,0,0,0,0,0,0,0,0,0,0,0,0,0,1,0,0,0,0,0,0,0,0,0,0,0,0,0,0,0,0,0,0,0,0,0,0,0,1,0,0,0,0,0,0,0,0,0,0,0,0,0,0,0,0,0,0,0,0,0,0,0,0,0,0,0,1,0,0,0,0,0,0,0,0,1,0,0,0,0,0
4,7,6,10,1,12,3,2,5,9,5,1,4,10,11,3,4,9,6,14,6,19,33,1,5,3,4,5,6,37,10,5,40,20,5,9,0,12,10,4,8,11,7,13,4,4,15,8,56,43,17,2,15,10,5,7,19,6,8,9,17,8,4,21,6,8,6,8,7,16,5,7,6,34,7,9,2,2,3,5,0,4,9,14,6,8,6,25,3,2,16,9,13,1,0,9,6,9,7,17,3,12,6,1,5,7,4,3,2,3,25,2,1,0,9,8,2,7,11,6,2,5,7,3,1,4,2,4,5,0,20,0,8,22,10,13,13,7,16,2,0,12,21,10,14,5,6,15,10,8,7,2,8,5,9,4,11,8,6,5,0,2,3,9,4,27,19,7,50,4,6,4,10,5,0,29,3,8,29,7,3,17,12,8,10,8,3,8,2,2,13,11,7,13,1,5,6,17,5
42,21,35,23,9,14,19,16,30,26,6,64,21,32,27,15,19,26,36,25,6,60,20,3,15,32,10,10,17,45,14,23,45,33,20,17,11,31,18,25,35,29,14,9,26,11,32,25,68,59,29,64,46,55,12,31,31,22,14,19,16,37,5,5,24,30,12,51,4,29,40,7,14,6,26,17,3,5,22,601,37,12,32,17,6,15,23,85,12,12,20,28,36,60,16,14,19,11,26,23,41,25,24,11,38,38,20,15,3,14,31,15,125,126,8,22,18,51,35,14,25,24,18,31,42,63,17,32,18,12,108,25,44,21,27,18,18,20,31,8,1,25,44,29,4,33,43,23,51,34,13,23,7,34,34,18,37,24,17,18,25,7,15,17,33,98,24,87,61,25,26,3,38,12,50,45,10,20,15,27,22,32,23,33,61,43,26,3,21,26,23,29,7,49,14,11,31,30,25
4,12,2,3,12,4,1,3,3,2,4,27,0,6,12,2,6,4,0,0,3,4,3,2,1,5,0,0,3,8,3,30,6,2,3,3,15,5,1,0,32,5,1,0,2,0,3,1,1,0,13,4,5,0,8,0,0,4,0,1,1,3,25,11,2,3,0,1,5,4,1,1,0,1,2,4,2,2,1,0,0,2,2,8,2,0,0,1,8,2,4,5,6,0,1,1,1,3,5,2,1,3,0,0,0,7,0,5,0,3,3,1,0,0,0,1,0,0,0,0,4,3,1,4,1,1,6,1,0,2,0,1,1,0,2,2,7,5,7,2,2,7,2,4,0,1,2,1,1,1,1,2,1,0,11,0,0,4,1,2,0,2,2,2,0,2,2,3,0,3,4,2,5,2,29,5,1,4,1,1,2,6,1,0,3,8,0,0,3,4,4,2,1,2,3,3,5,19,1
1,10,3,0,9,0,4,13,2,4,0,1,7,8,5,0,6,2,1,10,4,99,3,27,4,10,1,0,5,3,8,0,2,1,4,2,21,8,4,1,0,6,2,1,3,2,2,0,4,0,0,4,3,1,3,6,5,0,1,3,1,3,0,8,7,4,4,1,6,7,5,8,3,0,2,1,5,2,0,1,0,2,3,1,0,4,2,7,3,2,6,0,12,0,6,10,5,1,2,5,2,2,1,2,5,9,5,0,1,6,2,1,0,0,0,3,2,1,2,0,4,3,1,8,0,0,7,2,2,3,13,1,0,2,1,7,6,5,4,9,6,1,2,21,5,2,9,1,1,6,3,4,3,1,0,2,3,4,3,1,0,0,2,10,1,4,1,2,7,6,1,7,0,0,0,10,8,4,3,2,6,8,2,0,6,3,2,0,66,4,3,1,1,4,4,1,4,4,4
6,3,1,3,0,2,2,11,7,13,2,5,10,4,0,4,6,15,3,7,7,17,1,14,2,10,1,0,0,12,2,0,7,2,3,3,44,2,2,2,82,0,2,2,13,0,5,15,0,0,3,16,7,2,4,3,4,4,9,6,4,4,113,46,4,11,3,3,4,4,12,29,9,0,4,5,0,1,7,3,0,3,7,1,10,13,6,8,6,1,3,0,2,0,0,0,3,5,7,1,5,7,5,4,9,58,5,7,19,1,24,19,2,6,0,5,4,0,7,1,5,0,6,9,4,2,3,4,0,29,5,5,19,9,2,7,10,9,14,2,5,15,7,3,4,7,9,14,0,1,6,9,2,0,76,2,7,6,0,9,0,4,2,0,2,15,3,7,2,3,16,4,16,4,47,12,0,4,2,4,7,13,2,5,13,14,4,0,2,1,4,8,7,7,6,7,8,7,23
3,1,1,0,0,4,1,4,1,3,0,4,3,7,3,3,3,6,1,2,3,7,15,18,5,8,5,0,2,7,0,4,25,2,3,1,4,3,2,1,6,2,7,0,0,0,0,3,6,4,4,4,9,0,3,3,7,0,5,5,2,9,43,15,2,4,3,4,2,6,5,20,0,2,3,1,0,0,2,4,0,4,1,1,3,3,1,3,6,2,3,1,17,1,1,1,1,1,2,0,1,6,5,1,3,4,4,4,7,4,41,3,2,4,2,3,1,0,5,0,6,2,5,5,0,1,7,3,1,8,11,2,26,2,3,7,6,5,6,0,3,6,8,2,6,8,15,2,3,1,1,4,5,2,6,8,3,1,6,4,0,0,5,0,1,13,0,1,2,3,3,1,4,1,1,47,2,1,6,3,3,1,2,0,2,4,1,1,7,0,1,5,2,3,5,3,8,4,9
9,2,6,1,3,3,2,4,6,6,3,7,2,1,12,6,3,12,0,5,9,9,1,8,4,9,2,1,7,4,0,10,9,3,2,2,18,3,2,0,40,3,3,19,2,2,6,6,3,4,8,1,10,3,11,4,1,3,7,7,4,4,53,26,7,4,5,10,7,5,8,3,1,2,7,1,7,3,13,1,0,4,10,8,2,3,8,7,3,0,5,5,2,0,1,1,3,3,9,0,5,8,6,4,3,12,3,8,4,1,11,5,7,8,4,4,2,2,5,3,8,3,8,8,0,1,3,4,6,9,11,7,29,1,2,2,6,10,7,2,8,3,9,4,1,7,9,4,0,4,3,7,2,4,38,0,25,3,4,4,0,18,3,1,4,17,7,9,8,4,5,0,6,2,17,7,3,2,6,4,6,15,0,3,9,18,1,1,6,0,5,9,17,19,2,7,6,8,9
0,9,0,2,1,1,0,0,1,1,0,5,3,0,27,2,0,4,5,5,1,6,3,0,4,4,0,7,0,3,0,3,35,2,41,4,46,17,0,0,1,2,3,1,1,1,4,4,0,0,7,7,2,4,5,1,1,1,1,2,2,1,2,6,3,3,0,4,6,2,5,10,2,6,4,2,0,0,9,0,0,2,3,0,0,4,3,8,0,2,0,0,3,0,0,1,1,3,0,0,0,0,3,8,2,7,1,2,1,15,2,0,48,1,3,0,0,0,4,0,20,0,1,5,1,0,6,2,0,0,1,5,18,3,4,1,16,0,0,4,3,1,0,0,1,0,2,1,0,0,3,0,2,1,1,1,3,0,0,5,0,0,0,1,1,3,1,1,2,2,1,16,0,2,7,5,1,2,0,0,1,0,0,0,8,1,0,0,56,0,1,2,6,3,0,0,0,6,2
1,0,2,0,0,0,0,0,0,3,0,0,0,0,0,0,1,1,0,0,1,0,1,0,2,0,1,0,0,0,1,0,0,0,1,0,6,4,3,0,0,0,0,5,0,1,6,0,0,0,2,0,1,0,2,1,0,1,1,1,0,0,0,0,0,1,0,1,0,2,0,0,1,0,1,2,4,0,0,0,0,4,0,4,0,1,0,1,0,1,2,1,1,0,3,0,1,1,0,0,0,2,0,0,0,3,2,0,3,1,0,0,0,0,0,0,2,0,4,0,0,3,0,0,0,0,0,0,0,2,0,2,0,0,1,0,0,0,0,21,1,2,1,1,0,1,1,0,0,1,0,0,2,2,0,0,0,0,0,1,0,0,2,0,2,1,3,0,0,0,0,0,2,1,3,0,0,2,0,0,0,1,0,0,2,4,0,0,0,2,0,0,0,1,0,1,0,0,0
22,20,11,10,26,16,8,22,10,23,34,1,10,24,51,8,4,15,14,18,10,53,21,11,5,10,6,5,2,34,13,14,39,30,18,22,5,4,15,27,85,4,8,11,9,19,31,17,47,16,15,4,18,14,14,8,13,16,17,14,5,15,2,16,8,15,16,26,22,18,19,2,2,18,13,5,5,1,19,11,0,19,15,25,6,11,14,25,7,2,19,19,25,9,12,15,14,10,11,8,9,9,8,5,24,7,12,7,14,8,17,2,0,0,3,12,10,6,13,33,12,26,21,11,2,0,3,11,8,9,78,13,12,12,8,7,10,18,16,3,1,10,14,3,59,14,6,18,9,34,3,10,4,15,46,23,28,5,13,18,3,4,8,9,16,79,9,22,61,10,9,8,12,8,27,48,12,26,76,16,14,16,9,21,27,39,1,0,7,12,14,11,6,51,6,5,17,14,14
1,1,1,0,0,0,1,0,1,1,0,0,1,1,0,0,1,3,0,2,0,0,1,0,0,0,1,0,1,1,4,0,1,0,0,0,0,0,1,0,0,0,0,0,1,0,0,0,0,0,0,0,0,0,2,0,0,0,0,0,0,0,3,0,0,0,0,0,0,0,0,0,2,1,0,0,1,0,2,0,0,0,2,0,1,0,1,1,1,1,2,0,2,0,0,0,0,1,0,0,0,0,2,0,1,5,2,1,0,0,0,1,0,0,0,0,1,0,0,1,1,1,1,1,4,0,0,0,1,12,0,0,0,0,0,5,2,1,0,0,0,0,0,0,1,1,2,2,0,0,10,2,0,0,0,0,0,0,0,0,0,6,0,0,0,0,0,0,0,0,0,0,0,0,0,0,3,1,0,0,0,2,0,0,0,0,0,0,2,1,0,1,1,0,0,1,0,0,0
0,2,1,0,11,1,1,0,1,1,1,0,1,1,0,1,0,1,0,3,3,0,1,0,2,10,6,0,1,2,0,1,1,2,2,0,3,4,0,0,0,1,5,0,1,0,0,0,1,0,0,1,4,0,4,0,3,3,1,2,2,0,17,5,3,4,6,3,4,3,3,7,2,0,4,8,3,6,2,3,0,3,9,2,4,0,7,5,8,0,4,2,4,0,0,1,0,4,2,0,1,2,5,4,6,0,6,1,1,12,2,1,4,0,1,0,3,0,1,0,7,3,4,1,0,2,5,1,3,2,3,0,0,1,0,0,2,1,3,6,0,1,4,1,0,4,9,1,1,4,4,9,0,0,1,0,0,1,0,0,0,1,3,1,7,1,0,0,0,3,0,3,3,13,3,0,5,5,0,4,1,7,0,0,5,1,0,1,31,2,1,4,0,2,3,2,1,1,1
2,0,0,0,0,0,0,1,0,0,0,0,1,1,2,0,0,0,0,2,0,0,2,0,1,3,1,0,0,0,0,1,3,1,1,0,0,0,2,0,0,2,0,0,0,0,0,0,1,0,1,0,1,0,0,1,0,0,2,0,0,0,0,0,0,1,1,0,2,1,1,0,0,1,0,1,0,0,0,3,0,0,0,0,2,2,2,0,1,0,0,0,1,0,0,0,1,0,0,0,0,1,0,1,0,7,0,0,0,0,0,0,0,2,0,1,0,0,3,0,0,0,1,0,0,1,2,1,0,0,0,2,0,1,3,0,1,1,0,0,1,0,0,1,2,1,0,0,0,0,3,1,0,0,0,0,0,1,0,1,0,6,1,0,0,3,0,4,3,0,0,0,2,0,1,1,0,1,0,0,0,1,1,0,0,1,0,0,0,0,0,2,0,0,0,2,0,0,1
8,3,10,4,10,3,1,4,6,3,7,2,5,13,12,3,2,2,1,13,3,65,33,12,3,4,3,0,6,9,3,15,22,13,5,37,17,6,2,6,32,8,17,2,4,3,5,2,12,0,25,5,9,4,6,4,3,3,2,10,5,4,3,9,8,8,7,14,3,12,10,1,3,1,5,4,10,2,3,2,0,2,9,11,7,13,2,9,1,6,3,9,15,2,2,11,2,4,2,13,2,7,1,3,6,4,7,5,7,2,46,4,0,1,36,6,4,1,4,14,3,5,2,1,2,0,1,10,11,4,16,0,14,5,15,5,6,13,6,7,0,7,5,2,17,5,1,6,2,3,1,8,3,3,24,17,9,9,6,7,0,0,5,1,4,19,11,9,2,7,4,9,8,3,6,24,1,14,10,5,7,10,4,2,8,12,1,3,13,7,9,5,6,3,7,7,10,8,12
0,0,1,5,0,0,2,0,0,2,0,1,1,0,0,0,1,2,0,4,2,0,1,0,0,8,2,0,0,0,0,0,2,0,1,0,3,1,1,0,0,0,0,0,0,0,0,0,0,0,0,0,0,0,0,3,3,0,1,2,1,3,0,0,0,3,0,1,4,0,0,0,0,0,0,0,0,1,1,0,0,2,3,0,1,1,2,0,2,0,1,0,0,0,0,0,0,0,1,0,1,0,3,1,0,1,0,0,3,0,0,1,0,0,0,1,0,0,0,0,0,0,1,0,0,0,3,0,0,7,0,0,1,0,1,3,5,0,1,0,0,0,3,2,0,1,1,0,0,0,0,1,0,0,2,0,0,0,0,1,0,0,2,0,1,1,1,0,0,2,0,0,1,0,6,1,0,0,0,0,0,1,1,0,0,2,1,0,1,1,0,0,1,0,1,0,1,0,3
1,1,3,0,0,3,1,0,3,1,1,1,5,3,6,5,2,0,7,5,0,3,4,7,10,4,0,0,2,4,5,5,2,7,2,2,2,0,5,9,22,4,6,4,5,1,1,5,0,0,11,7,5,2,3,1,3,4,8,3,3,1,8,5,8,5,5,9,1,1,2,12,3,3,4,4,4,1,10,3,0,4,6,6,3,3,2,4,2,3,4,1,1,2,6,1,0,10,1,1,6,5,2,6,3,7,5,4,0,1,3,4,3,3,0,3,3,2,6,3,13,2,3,8,1,0,1,7,4,12,7,0,6,0,0,3,0,2,4,0,0,5,8,2,0,3,0,1,1,15,3,4,2,2,16,7,3,2,3,4,0,0,2,0,0,9,2,24,3,1,2,0,4,6,6,6,0,2,1,6,2,3,2,2,5,2,0,0,2,1,1,4,3,12,0,5,2,5,4
8,4,15,7,2,8,10,13,11,20,5,14,5,21,15,12,7,12,13,16,7,20,5,15,6,12,5,3,11,50,5,17,18,14,11,4,13,22,8,10,26,7,11,4,7,14,19,11,24,16,21,9,21,13,12,15,11,10,3,15,7,17,3,8,20,12,9,32,18,16,13,2,8,19,15,12,5,4,14,17,3,11,9,8,6,6,10,21,10,3,3,65,10,4,3,3,10,17,10,9,8,14,10,8,19,31,12,6,3,3,24,9,23,48,1,7,10,7,8,10,6,9,10,5,10,2,13,8,12,8,42,9,43,6,13,16,11,16,24,26,2,8,14,49,5,11,20,10,2,11,5,12,6,13,37,17,21,12,4,9,8,4,7,3,9,21,10,41,46,12,6,8,19,10,31,9,5,7,7,8,8,33,13,33,23,42,16,6,3,4,13,17,19,20,8,6,15,11,29
1,8,2,3,0,2,3,4,5,5,5,8,1,11,4,4,0,4,5,0,3,5,11,0,11,17,4,6,5,6,4,1,4,4,2,4,2,0,3,1,0,4,6,0,1,0,4,0,2,1,5,8,9,6,2,2,5,3,0,3,5,5,0,0,2,2,7,13,1,2,7,4,1,2,5,7,5,3,2,160,8,3,7,1,2,4,2,4,3,2,8,3,4,12,0,3,5,5,7,0,4,9,3,1,5,9,0,5,6,2,0,2,6,14,0,2,2,7,10,5,11,2,2,9,15,13,0,2,2,1,8,3,0,1,2,2,4,2,12,0,11,3,1,17,2,5,17,4,2,3,0,18,3,4,0,0,0,3,0,2,39,1,3,19,8,10,3,5,1,4,0,1,16,6,8,4,0,8,1,4,5,2,2,1,7,9,3,0,6,7,3,10,0,8,4,4,0,6,1
1,0,2,0,1,0,3,0,0,0,0,3,2,5,0,0,2,2,0,3,3,0,2,0,0,2,0,1,0,3,1,0,2,2,1,0,2,0,1,0,1,1,2,0,0,0,0,0,0,0,0,0,2,15,0,1,1,1,0,1,0,0,0,0,1,1,0,1,0,4,2,0,3,1,0,1,5,0,2,1,0,5,0,0,1,1,1,4,0,0,1,0,1,0,0,3,2,0,1,1,0,1,2,0,1,0,0,0,1,2,0,1,16,11,0,4,1,3,2,0,0,0,1,0,0,0,0,2,1,0,1,1,1,0,1,4,0,0,3,0,3,0,2,8,0,2,6,1,2,3,0,3,3,0,0,0,0,1,0,0,0,0,7,0,2,0,0,1,1,0,0,1,3,3,2,1,1,1,0,0,3,3,1,1,3,3,1,0,1,2,4,3,0,4,1,2,0,1,0
1,4,1,0,0,3,3,3,1,4,1,1,3,1,11,0,3,6,2,0,3,1,5,3,1,5,2,5,1,2,1,0,10,2,1,0,8,2,0,0,3,0,5,2,1,0,3,2,0,0,2,1,1,2,1,2,3,4,2,2,1,2,1,2,2,3,7,1,19,3,2,8,1,2,2,1,0,1,2,0,0,9,4,1,3,1,4,6,2,3,1,0,2,0,1,2,0,1,0,0,1,2,1,2,6,6,6,1,3,1,0,3,1,0,1,1,3,0,3,0,3,1,1,0,0,0,4,1,0,3,0,1,15,1,1,2,3,2,2,1,1,1,8,3,1,3,5,5,0,2,2,4,0,0,4,0,1,1,0,3,0,1,4,1,0,3,0,0,0,2,4,2,2,7,5,7,0,4,1,2,4,6,0,1,1,2,0,0,13,5,1,5,23,4,1,4,2,4,2
9,5,9,1,1,4,2,4,7,4,0,12,1,5,3,5,5,4,6,1,2,12,1,1,2,15,9,1,3,11,2,4,2,4,2,5,6,7,3,1,3,4,3,5,8,6,8,3,7,2,2,15,8,23,9,2,4,8,4,4,6,5,0,3,5,10,7,3,2,1,9,1,2,4,6,2,3,14,7,118,16,10,18,3,2,3,9,12,6,12,11,8,2,44,2,0,5,4,7,2,2,4,9,2,9,15,2,3,0,3,0,4,55,70,0,2,2,25,5,5,11,10,4,6,13,8,1,3,4,2,5,1,1,6,3,5,2,5,2,2,5,2,5,19,0,4,14,2,7,2,0,8,5,4,2,0,2,17,1,2,8,2,2,4,2,5,5,2,14,8,1,3,13,1,11,9,4,5,1,2,5,5,5,3,2,26,20,1,5,2,3,7,3,21,13,2,4,9,3
4,0,0,0,0,1,0,0,0,1,3,0,2,1,3,3,0,0,3,2,0,1,3,1,1,0,0,0,0,3,1,3,3,1,1,1,2,0,0,0,0,5,0,1,1,0,1,3,7,0,8,0,2,5,0,0,1,1,1,0,1,0,1,0,1,1,2,0,42,0,0,0,1,1,1,1,2,4,2,1,0,2,1,1,1,2,0,2,0,1,1,0,0,0,2,0,2,0,0,1,0,0,3,0,3,16,1,0,3,5,1,0,1,1,1,0,1,5,2,2,1,0,2,3,0,0,3,1,2,2,0,1,0,0,3,1,1,2,0,1,0,2,0,0,17,0,4,2,0,2,5,4,0,0,0,0,0,2,2,1,0,13,0,0,0,8,0,3,8,0,0,3,9,1,5,6,0,2,6,0,0,0,0,0,0,1,2,0,0,1,1,6,0,2,0,0,0,1,0
3,7,1,0,0,1,0,0,0,1,1,1,2,1,1,1,0,1,0,0,2,12,0,3,3,11,1,0,1,3,2,1,0,0,1,0,6,0,1,0,1,1,1,0,1,0,0,0,0,0,1,0,0,0,1,1,1,1,0,0,0,0,0,0,0,3,0,0,17,0,1,12,0,1,1,1,2,0,1,0,0,3,5,0,1,0,0,2,1,0,2,1,4,0,0,2,0,3,2,0,1,0,2,0,1,1,0,0,5,4,4,1,0,0,0,1,1,0,1,0,0,0,2,1,0,0,3,0,0,1,2,0,1,0,1,1,0,2,2,2,1,0,2,6,0,2,1,1,0,1,0,0,3,1,0,0,0,1,2,1,0,0,2,0,1,1,1,0,0,3,0,1,2,2,1,1,2,5,2,3,2,0,0,0,2,0,0,0,33,0,1,3,1,0,0,0,0,0,1
0,1,4,4,0,1,2,2,4,3,4,3,1,4,3,3,2,3,7,3,4,3,3,1,9,5,1,4,4,8,0,4,26,3,2,3,1,0,1,0,19,0,3,6,2,2,2,4,69,11,3,0,4,3,1,7,7,1,2,4,4,5,4,0,1,4,5,7,2,3,4,3,0,6,1,1,1,1,4,4,0,3,0,14,6,4,3,3,0,2,1,3,6,2,1,22,5,3,5,3,0,4,1,1,2,3,1,4,1,0,2,1,5,12,2,2,1,3,5,14,0,2,3,1,2,0,0,2,2,2,10,0,3,8,16,1,1,12,3,0,1,3,6,0,5,3,5,6,2,2,1,1,0,1,14,0,7,6,4,2,2,0,1,25,3,25,3,2,4,4,1,0,3,3,1,12,4,10,4,0,3,2,3,2,2,6,0,0,0,3,9,0,3,9,1,2,2,4,0
8,1,10,7,1,5,3,10,5,11,15,1,7,7,10,10,7,5,30,3,8,35,17,1,10,6,9,5,9,34,5,9,21,21,6,16,10,2,2,16,34,9,13,3,16,10,7,5,15,47,9,3,6,10,2,23,9,8,8,7,5,10,2,17,6,5,4,15,6,6,9,9,7,5,4,2,6,7,12,11,3,15,11,1,7,9,2,15,8,3,12,15,15,2,5,3,10,22,13,10,3,7,9,0,18,4,2,5,5,2,24,11,21,10,9,8,10,6,18,3,15,5,8,18,7,0,8,2,17,1,25,11,42,32,12,8,10,13,20,3,0,9,5,8,14,12,6,9,19,4,0,5,4,7,16,3,15,9,10,12,1,2,8,4,11,28,11,25,26,7,5,4,21,11,13,44,8,10,13,7,10,11,21,6,23,13,1,2,1,7,8,22,4,15,2,4,11,17,6
3,0,0,0,3,0,0,4,0,0,0,2,0,0,2,0,0,4,0,2,0,7,0,0,2,0,0,0,0,2,0,0,0,0,0,0,0,1,0,0,0,0,0,0,0,4,0,0,0,0,0,0,1,0,0,0,0,1,0,2,0,0,0,0,0,0,1,0,0,0,0,2,0,0,2,0,0,0,0,0,0,2,3,0,0,0,0,0,0,0,0,0,0,0,0,0,0,1,2,0,0,0,3,1,1,0,0,0,2,2,0,0,0,0,0,0,1,0,1,0,3,0,0,2,0,0,0,8,0,0,1,0,0,0,0,0,0,0,1,1,0,0,2,12,1,0,0,0,0,3,2,0,0,0,0,0,1,0,0,1,0,0,0,0,0,0,0,0,0,1,0,4,4,1,1,2,0,0,2,3,1,0,0,1,2,0,0,0,6,0,0,0,0,3,1,0,0,0,0
4,3,4,4,0,0,0,0,2,1,1,11,0,3,4,5,2,0,2,4,1,0,2,0,0,10,4,22,2,4,2,4,5,2,2,0,2,3,2,1,1,0,0,0,0,0,2,1,2,3,4,2,0,3,1,3,4,1,2,0,1,1,2,3,1,0,0,2,3,0,2,2,2,0,2,5,4,7,7,70,6,3,1,2,4,2,6,2,3,0,1,2,1,7,0,0,2,2,0,0,3,3,0,10,1,10,5,1,1,1,0,3,8,13,0,0,0,1,1,0,2,3,1,4,22,8,3,2,3,0,2,0,1,5,0,3,3,2,1,0,0,6,1,6,0,2,7,0,1,2,0,0,1,0,1,0,0,0,0,1,12,8,1,2,1,4,0,1,0,3,1,3,5,2,4,5,1,2,0,4,0,0,2,0,0,7,0,0,2,1,0,3,1,2,3,1,0,3,0
0,1,1,1,0,1,6,0,0,0,1,0,1,2,1,1,0,0,0,2,1,0,0,0,0,4,0,0,1,1,1,1,5,2,0,1,2,0,1,1,0,0,0,0,1,0,1,0,0,0,1,1,1,0,0,5,0,1,0,1,1,0,0,0,1,2,2,1,2,1,1,1,1,0,4,2,2,1,4,0,0,3,2,0,1,4,1,4,4,3,1,0,3,0,2,0,1,2,3,0,3,0,2,1,3,2,1,0,2,1,6,6,0,2,1,0,0,0,2,0,0,1,3,1,0,0,0,0,1,1,1,0,0,0,1,0,0,2,0,62,3,11,2,0,1,3,3,1,6,0,2,4,1,1,0,1,0,1,0,3,0,0,2,0,0,2,0,0,0,0,0,2,2,5,2,3,0,4,2,0,0,1,0,0,1,0,0,0,4,0,0,1,3,0,0,0,1,1,1
15,7,6,9,2,5,7,3,6,14,3,23,7,9,1,6,10,1,11,5,4,2,5,0,11,20,7,19,9,14,2,3,6,9,0,8,2,1,10,2,0,5,7,0,7,4,11,4,4,16,1,7,8,56,5,5,13,6,8,5,2,11,0,3,13,7,7,6,0,3,12,2,7,4,2,5,7,2,6,216,18,10,18,2,6,5,2,19,2,8,10,3,4,19,4,4,7,14,4,0,9,9,3,5,15,13,6,9,0,12,0,4,42,69,1,2,4,23,14,2,8,6,6,9,11,16,0,6,2,16,11,16,6,1,7,11,2,2,24,0,3,6,12,10,1,10,24,18,6,11,2,10,6,7,1,5,5,7,1,2,12,3,1,7,14,9,5,11,19,2,4,1,16,8,5,10,8,7,4,7,6,10,1,3,7,38,6,0,4,9,17,2,4,33,10,7,7,7,6
19,11,3,3,0,9,1,6,7,9,0,29,1,8,0,13,6,7,9,3,2,0,3,2,5,19,2,13,5,9,4,4,7,6,1,2,0,8,10,1,5,5,5,0,3,0,0,6,10,1,6,5,12,6,4,4,12,7,12,10,7,6,5,6,6,3,2,15,2,1,9,3,3,1,14,9,5,3,15,285,44,4,14,1,1,7,2,18,2,11,4,5,6,57,3,4,3,5,2,2,2,3,3,10,14,19,3,6,1,1,2,4,58,63,6,3,4,33,2,6,16,0,5,19,28,23,1,3,0,5,15,0,3,6,3,3,2,1,11,1,1,6,7,11,6,8,8,12,13,7,4,7,4,9,4,2,3,3,4,9,98,1,6,9,6,6,2,7,8,5,0,3,13,3,4,10,2,8,0,7,6,4,1,1,13,25,11,0,3,2,16,8,4,7,6,12,0,9,13
5,17,7,5,2,13,6,9,8,20,6,6,3,6,58,13,8,6,1,8,6,17,12,3,5,7,3,0,12,30,7,8,25,7,7,39,5,0,3,9,14,8,4,3,2,16,16,3,20,27,20,16,6,27,9,12,8,6,7,14,4,13,2,4,8,7,7,19,10,5,9,8,3,9,9,6,0,6,7,1,1,10,10,5,7,9,9,18,1,4,4,9,13,0,8,6,11,13,9,16,6,9,4,2,6,5,5,2,1,3,15,2,3,0,10,10,31,7,11,20,7,10,4,0,4,0,3,5,8,0,36,4,19,12,13,5,9,10,16,0,3,1,6,8,10,2,6,11,4,6,4,9,0,17,14,21,22,8,45,3,0,0,3,4,8,65,17,14,23,5,4,1,16,4,15,34,11,6,83,6,6,9,19,26,20,22,0,4,19,5,10,7,8,26,2,13,10,12,6
4,0,0,0,4,0,2,0,0,0,0,0,0,0,0,0,0,1,0,1,0,1,0,0,0,0,0,0,0,2,0,0,0,0,0,0,0,0,0,0,0,0,0,0,0,0,0,0,0,0,0,0,0,0,2,1,0,0,1,0,0,0,0,0,0,1,0,0,0,1,0,0,0,1,0,0,0,0,0,0,0,0,0,0,0,0,0,0,0,0,0,1,0,0,1,0,1,0,0,0,0,0,1,0,0,0,0,1,1,0,0,0,0,0,0,0,0,0,1,0,0,0,0,0,0,0,0,0,0,0,0,1,0,1,0,1,0,0,0,0,1,1,0,5,0,1,0,0,0,0,0,0,0,0,0,0,0,0,0,0,0,0,0,0,0,0,0,0,0,0,0,0,0,1,0,1,0,0,0,0,0,0,0,0,0,0,0,0,3,0,1,0,0,1,0,0,0,0,0
0,0,0,0,0,0,0,1,0,0,0,0,0,0,0,0,0,2,0,9,0,1,1,0,0,2,2,0,0,0,0,0,4,0,0,0,3,1,0,0,0,0,0,0,0,0,1,0,0,0,1,0,0,0,0,2,0,0,1,1,0,0,0,1,4,0,0,0,1,0,0,0,0,1,0,0,0,0,2,0,0,0,0,0,0,1,0,0,0,0,0,0,0,0,3,0,0,0,0,0,2,0,0,7,0,0,0,0,0,1,1,1,0,0,0,0,0,0,0,0,0,0,0,2,0,0,1,0,0,0,0,0,41,0,0,0,0,0,1,1,5,0,0,0,0,0,0,0,0,0,0,0,0,0,0,0,0,0,0,0,0,0,0,0,0,0,0,0,0,0,0,4,0,0,0,0,0,1,0,0,0,0,0,0,2,0,0,0,0,0,0,1,0,0,0,0,0,0,0
5,2,4,2,1,5,1,3,3,1,5,1,3,4,0,2,4,4,11,4,2,1,2,0,3,6,4,2,2,12,0,3,26,1,6,20,6,1,1,2,1,3,2,2,3,0,5,3,12,19,6,1,1,2,0,2,6,3,5,5,4,8,0,3,1,5,11,3,1,3,2,3,2,1,10,2,1,4,2,1,0,7,3,1,4,3,3,3,5,0,6,2,4,9,2,4,4,2,5,7,6,3,0,1,9,8,4,2,5,3,17,1,4,6,4,1,2,2,1,4,0,4,4,4,0,0,9,0,2,4,4,36,1,12,4,7,9,3,1,0,2,1,10,7,3,2,5,3,3,6,6,7,6,8,1,0,15,2,5,5,0,0,3,3,4,6,8,7,8,1,4,7,7,2,1,6,1,0,9,4,3,18,0,3,7,5,8,0,4,1,5,4,5,5,0,0,4,9,2
0,0,1,0,0,0,2,0,1,1,0,1,2,4,0,1,0,7,1,1,1,0,0,0,0,4,1,0,0,0,0,0,0,2,1,8,0,3,2,0,6,0,0,0,1,0,0,0,0,0,0,2,0,0,1,25,2,1,1,2,1,2,0,0,3,5,3,0,2,1,1,0,0,2,0,0,3,1,1,0,0,0,3,0,2,1,2,4,2,1,0,2,1,0,4,1,2,1,4,0,0,0,2,1,4,2,0,0,10,0,1,3,0,0,1,0,0,0,3,0,1,0,0,1,0,0,5,1,0,2,0,3,13,0,1,3,1,0,5,0,2,1,5,5,0,3,4,0,0,0,0,5,1,0,0,1,0,0,4,1,0,0,1,0,1,4,1,4,0,0,0,1,3,0,9,1,0,3,3,0,0,5,0,0,0,0,0,0,7,1,2,1,1,3,2,3,5,2,2
15,35,32,10,12,17,8,23,26,24,2,37,15,26,12,12,17,7,16,10,5,51,12,2,17,23,8,17,12,19,21,14,27,15,4,11,25,2,14,4,10,17,32,16,14,9,24,15,36,35,14,19,40,21,9,18,27,23,14,17,14,26,4,9,21,19,17,32,9,9,13,29,12,20,15,8,11,9,21,391,28,18,20,11,8,16,5,35,10,10,16,24,48,111,15,5,14,22,17,10,6,19,5,8,19,44,10,12,6,4,14,8,84,131,12,9,3,29,22,17,39,7,12,16,40,40,5,28,15,12,56,16,17,10,15,20,13,5,22,6,7,12,15,61,23,16,34,27,47,14,7,8,8,16,7,7,33,12,2,8,47,27,12,31,17,60,12,20,41,5,17,6,30,3,23,56,10,18,16,14,13,16,9,19,34,69,48,2,14,14,24,15,15,41,8,14,11,32,14
6,4,6,7,2,11,3,4,8,9,2,11,8,4,7,6,1,15,5,7,10,6,4,8,8,14,13,2,14,36,2,9,11,13,0,3,27,2,7,5,34,4,4,4,7,4,10,6,16,18,18,3,15,6,6,10,3,8,11,9,4,15,5,12,3,8,3,24,6,6,16,5,6,13,14,12,3,6,14,6,2,7,10,12,5,5,12,7,4,9,6,6,5,4,7,6,7,12,8,9,13,17,8,11,16,20,6,5,4,4,7,10,33,21,3,0,7,16,13,7,9,6,11,5,8,0,2,8,6,25,15,5,77,3,10,10,7,15,21,3,13,8,7,5,4,9,7,8,0,9,0,12,3,5,18,17,11,7,7,4,1,6,5,7,9,13,7,204,51,8,10,6,13,9,14,10,3,3,5,6,3,12,1,2,4,21,2,3,7,3,7,5,9,19,2,11,9,10,4
2,2,5,0,1,3,1,4,1,1,3,2,0,14,1,7,6,3,1,0,1,5,5,0,2,7,6,10,3,2,3,0,3,0,2,0,0,0,2,0,0,4,1,2,1,2,9,0,1,0,3,1,2,4,2,1,2,4,5,2,1,3,0,0,8,3,0,2,0,6,1,0,3,0,5,3,5,10,2,52,1,5,7,4,5,3,6,7,3,2,3,5,2,4,1,0,2,3,3,2,4,1,2,1,2,4,6,2,0,0,0,2,20,34,0,2,0,2,2,0,3,3,6,6,5,2,3,1,3,2,2,0,0,1,0,4,0,1,12,0,1,1,5,13,3,4,2,1,4,0,0,5,0,1,3,0,1,6,0,0,21,0,2,2,7,11,2,3,3,1,0,2,5,0,1,11,2,1,1,4,0,5,2,1,2,17,1,0,12,3,3,2,0,2,2,6,3,2,1
1,4,1,2,0,2,3,3,3,4,9,5,0,0,22,4,3,3,1,1,1,7,4,2,2,3,1,5,2,1,0,0,16,2,3,0,5,1,1,0,3,1,3,1,0,3,2,5,1,0,0,0,0,4,4,1,0,2,6,3,4,1,29,20,1,2,1,0,2,1,2,15,1,3,0,0,2,0,5,0,0,1,4,2,3,4,1,2,3,1,4,3,0,0,0,1,1,4,4,2,0,4,2,1,1,5,6,3,4,2,2,1,0,0,3,3,0,0,1,2,7,0,1,4,2,0,2,2,0,3,3,0,1,1,1,4,1,2,4,1,8,5,1,1,0,2,1,3,0,1,2,2,0,1,5,0,6,2,6,3,0,0,1,0,2,5,4,4,4,1,3,2,3,1,4,30,0,5,3,0,1,11,0,1,2,3,0,0,5,3,1,1,2,5,2,1,1,2,3
9,0,2,3,0,1,2,2,2,6,2,0,1,5,0,4,0,4,0,1,3,0,0,0,2,0,2,0,1,3,1,0,0,5,0,29,0,0,4,0,0,2,1,0,3,0,0,2,5,0,0,2,4,0,0,3,4,1,5,5,5,1,0,0,2,3,4,4,0,0,1,0,4,0,2,1,0,0,6,10,0,2,5,0,4,1,1,1,2,3,1,0,4,0,30,0,2,5,0,0,2,1,2,1,1,1,2,1,1,2,0,3,0,0,0,0,1,0,3,0,2,5,1,0,1,0,1,1,0,0,7,3,0,0,0,2,3,6,0,0,0,2,2,1,3,1,0,2,0,1,0,0,3,3,1,4,2,0,1,7,0,0,0,0,1,8,4,2,10,2,1,0,4,0,1,0,0,2,2,1,2,2,0,2,4,0,1,0,0,4,3,6,4,3,0,0,9,2,4
0,2,4,3,0,0,2,0,0,1,0,1,1,2,0,1,0,1,0,2,1,0,3,0,0,3,0,0,2,1,0,0,2,2,0,7,1,4,0,0,1,2,0,0,2,0,0,0,0,0,0,2,0,0,0,7,0,3,3,0,1,0,0,0,3,2,2,2,3,3,1,0,2,1,0,0,3,0,0,2,1,1,3,0,3,2,4,2,3,1,1,0,5,0,4,0,2,0,2,0,2,2,0,4,2,1,1,0,5,2,0,1,0,0,1,1,2,0,0,1,0,1,0,0,0,0,3,3,0,1,2,7,9,0,1,2,8,5,4,2,0,0,1,6,0,0,2,2,0,1,1,8,2,2,1,0,0,5,2,3,0,0,2,0,2,0,2,1,0,0,0,6,2,3,5,1,0,2,0,1,2,2,0,0,0,1,1,0,7,1,2,2,3,0,1,0,1,5,5
1,1,1,1,0,1,0,0,1,2,0,1,2,1,0,0,0,2,0,0,4,0,0,0,0,3,0,0,2,1,0,0,0,1,0,1,2,6,0,0,0,0,0,0,0,0,1,0,0,0,0,0,0,0,1,1,0,2,1,1,1,0,1,0,0,0,0,1,2,0,0,0,2,0,1,1,1,3,0,0,0,1,3,0,0,2,2,0,0,0,1,2,0,0,1,0,1,1,0,0,0,2,1,0,0,1,0,2,0,1,1,0,5,4,0,0,1,0,1,0,0,1,0,0,0,0,4,0,0,3,0,1,7,0,1,2,1,0,1,1,2,0,1,2,0,0,1,0,0,0,0,3,0,1,1,0,0,0,0,2,0,0,1,0,1,0,0,0,0,2,1,0,0,1,0,0,0,1,0,0,0,3,0,0,0,0,0,0,1,0,0,1,4,3,0,0,1,1,1
2,0,0,0,3,0,0,2,1,3,1,0,0,0,0,0,4,3,2,1,2,0,2,0,0,12,6,10,0,1,7,0,8,2,0,0,3,1,0,0,1,0,3,0,2,0,3,0,2,0,1,0,4,3,0,2,2,0,0,1,1,4,0,6,0,12,3,1,0,1,0,5,2,2,0,0,3,3,0,3,0,1,6,0,3,0,0,3,1,0,1,2,2,6,0,1,0,1,2,3,2,0,2,0,0,6,2,0,0,1,3,0,10,7,0,6,1,3,3,2,4,0,6,2,0,0,3,0,1,1,0,2,2,1,4,3,2,1,0,1,5,1,0,2,2,2,1,4,0,1,1,3,0,0,1,0,1,0,3,1,0,1,2,0,0,4,3,0,2,1,2,5,1,1,0,21,0,0,0,0,2,3,0,0,0,1,5,0,30,2,0,1,0,3,0,0,1,1,1
0,2,0,1,0,0,1,0,0,0,0,3,0,2,2,0,0,1,0,1,0,0,0,0,0,5,2,0,0,0,1,0,1,0,0,0,1,0,1,0,0,0,0,1,0,0,0,0,0,0,0,0,0,3,0,0,0,0,0,0,0,1,0,0,0,0,0,0,0,0,0,0,0,0,0,0,1,4,0,7,1,0,0,0,0,0,0,1,0,1,0,1,0,2,0,0,0,1,0,0,2,1,1,2,1,1,0,0,3,0,0,0,0,2,0,1,0,1,0,0,1,0,3,0,5,2,2,2,0,0,2,0,0,0,0,0,1,0,1,0,0,0,1,0,0,1,5,1,0,0,5,3,0,1,0,0,0,0,0,0,1,2,0,5,1,0,0,1,0,0,0,1,0,1,0,0,0,0,0,0,3,0,0,0,0,6,1,0,0,0,0,0,0,0,0,1,1,2,0
0,2,2,0,0,2,1,1,2,0,2,3,1,0,4,0,1,0,0,0,0,0,0,0,0,3,0,2,0,1,2,1,2,0,1,1,14,2,0,0,4,0,0,0,0,0,4,0,0,0,2,1,0,3,7,0,0,0,0,1,0,1,6,6,2,1,1,2,5,1,2,6,2,0,1,1,1,0,2,1,0,0,2,3,0,0,1,1,0,2,3,0,6,0,0,0,0,2,1,0,1,2,0,0,0,2,0,1,0,1,1,0,0,1,0,0,0,0,1,1,1,0,4,2,0,0,3,0,1,1,2,0,1,0,2,1,1,1,1,1,0,4,1,2,1,3,0,0,0,2,0,2,0,0,1,0,0,5,0,4,2,1,2,0,0,1,0,0,0,0,0,0,2,1,7,2,0,2,6,2,0,1,0,0,8,3,0,0,5,1,1,2,1,3,0,2,1,2,4
8,4,2,1,0,2,6,6,4,10,0,1,1,10,0,3,10,2,0,3,6,0,0,0,2,4,4,10,1,3,1,0,1,2,1,0,0,1,3,4,0,0,0,0,0,1,8,1,1,0,0,6,2,1,4,2,4,6,7,6,4,2,1,0,8,11,0,3,1,4,8,0,8,0,3,6,4,1,2,152,3,5,5,0,4,11,4,5,4,1,4,1,4,17,2,0,11,3,5,0,4,10,2,4,6,2,1,0,4,0,1,1,1,2,0,3,1,0,6,3,5,4,2,0,34,37,0,2,0,2,15,0,1,0,0,6,0,0,2,0,7,7,2,0,1,4,4,3,3,8,0,14,2,0,0,6,1,2,0,3,2,0,3,2,9,4,4,0,2,4,2,1,6,4,0,0,0,2,0,5,8,3,0,1,1,5,1,0,1,7,5,2,3,10,3,3,0,0,5
5,1,1,4,0,1,3,1,1,7,0,6,0,1,0,4,1,4,1,18,0,1,1,1,0,8,2,0,3,2,0,0,7,1,5,0,57,5,1,0,1,1,8,0,2,0,0,1,0,0,3,0,1,0,4,3,2,3,0,1,0,3,12,10,0,5,1,0,5,2,1,28,8,0,3,2,2,1,4,2,1,1,3,0,2,2,3,2,2,1,1,0,4,0,1,0,2,2,5,6,3,1,3,6,1,10,3,0,4,1,9,1,0,2,1,1,2,0,1,0,1,0,5,4,4,1,30,1,0,12,1,1,12,0,0,4,17,0,6,2,30,2,0,1,1,3,2,3,0,0,0,3,5,0,1,0,0,2,1,3,0,0,1,2,2,1,0,6,1,0,5,2,3,3,19,9,0,2,0,2,4,3,1,0,1,1,0,9,41,4,5,5,0,0,2,1,1,8,4
12,5,15,7,8,19,13,27,15,23,5,9,5,21,23,23,13,23,7,13,8,116,21,6,11,7,7,10,14,39,11,22,16,18,3,8,10,4,15,11,8,15,11,15,15,20,101,23,70,83,30,11,24,17,25,10,21,14,13,23,20,16,5,15,20,13,19,36,21,32,15,8,18,23,20,10,1,1,11,14,0,3,14,35,7,11,19,27,10,6,23,26,27,3,4,12,15,25,11,47,15,14,8,10,17,18,29,1,5,10,24,7,0,3,8,9,26,4,22,16,10,9,18,8,4,3,3,14,9,11,93,7,17,14,11,20,43,14,23,11,6,13,26,77,7,30,8,30,4,11,7,14,10,16,9,18,37,13,27,10,5,5,7,10,10,101,30,66,144,13,12,6,25,17,19,71,12,18,21,19,10,25,19,23,19,74,18,5,2,16,20,7,12,58,8,8,22,23,23
0,0,2,6,0,2,2,4,4,6,0,0,0,1,3,0,1,1,0,0,0,18,3,7,0,3,1,0,0,0,1,1,6,0,1,0,7,0,1,0,0,0,2,1,1,0,2,1,1,1,1,0,6,0,0,1,0,1,2,0,0,1,17,23,0,0,1,0,6,0,1,11,0,0,1,1,0,0,7,0,0,1,1,0,1,2,1,1,2,0,0,0,1,0,0,0,0,1,1,1,0,1,2,1,0,9,1,0,1,0,2,1,0,0,0,6,0,0,0,1,0,1,0,0,0,0,1,1,2,6,4,0,1,5,0,0,1,2,2,0,1,2,1,0,0,5,1,1,0,0,3,0,2,0,0,2,1,0,4,0,0,0,0,1,0,1,0,0,1,2,4,1,2,0,9,23,1,1,3,1,0,2,0,0,1,16,0,0,0,1,1,1,1,0,2,1,0,4,2
0,0,1,0,0,0,1,0,2,1,0,1,0,0,0,1,1,0,0,1,0,0,0,0,0,2,2,0,0,0,0,0,0,0,1,0,0,2,0,0,2,0,0,0,0,0,0,0,0,0,0,0,3,2,0,0,1,0,0,1,0,2,0,0,0,0,1,0,0,0,1,0,0,1,0,0,2,2,2,6,3,1,1,0,1,0,0,0,2,2,0,0,3,0,0,1,0,1,1,0,0,1,0,3,0,3,0,0,4,0,0,1,2,6,0,1,0,0,1,0,0,1,1,0,2,0,3,1,2,0,1,1,2,0,0,2,0,3,0,0,1,0,2,0,0,1,1,1,0,0,2,3,0,0,0,0,0,0,1,2,0,2,2,1,1,3,0,2,2,0,2,0,2,0,0,0,0,1,0,0,2,0,0,0,0,0,1,0,3,0,0,0,0,0,2,0,0,0,1
